JOIN_SN,JOIN_SN_TYP,BTH_YR,GENDER,IS_KRN
74501,1,2000,2,1
1883650,1,2009,1,1
166677,1,1971,1,1
211272,1,1991,2,1
351218,1,1954,1,1
1562431,1,1967,1,1
544241,1,1965,1,1
41472,1,1984,2,1
546656,1,2010,1,1
932409,1,1993,2,1
1121897,1,1974,2,1
1662919,1,2010,1,1
464981,1,1956,2,1
936975,1,1973,2,1
930437,1,1966,2,1
323952,1,1975,1,1
1246964,1,1978,1,1
687999,1,2005,2,1
1936113,1,1984,1,1
384640,1,2000,2,1
695082,1,1962,1,1
1233002,1,2002,2,1
371557,1,1998,1,1
1008235,1,1983,2,1
1602020,1,1995,1,1
1151833,1,1964,1,1
1804298,1,2002,2,1
788652,1,2010,2,1
1939297,1,1961,1,1
887493,1,1955,2,1
1507895,3,0000,0,0
1828072,1,2010,2,1
1351945,1,2000,1,1
1246227,3,0000,0,0
382326,1,1963,1,1
381478,1,1964,1,1
1042711,1,2010,1,1
1206756,1,2009,2,1
1455808,1,1987,2,1
217743,1,1964,2,1
883563,1,1978,2,1
531538,1,1987,2,1
1434692,1,1985,1,1
1351088,1,1981,2,1
1515097,1,1996,1,1
507029,1,1955,2,1
1310620,1,1987,2,1
969470,1,1957,1,1
1354817,1,1997,1,1
1652492,1,1978,2,1
565809,1,1995,2,1
714452,1,1973,2,1
145522,1,1981,1,1
562200,1,1967,1,1
1877615,1,1952,2,1
324282,1,2002,1,1
1260067,1,2010,2,1
136569,1,2010,1,1
471790,1,1935,1,1
1650210,1,1964,1,1
878105,1,2000,2,1
1025072,1,1965,2,1
1206128,1,1978,1,1
1341874,1,2010,1,1
318874,1,1968,2,1
633225,1,1942,2,1
951224,1,1989,2,1
163007,1,1993,2,1
383055,1,2003,1,1
1333929,1,1997,2,1
395645,1,2010,2,1
1459392,1,1996,2,1
1802679,1,1974,1,1
397024,1,1938,1,1
1419164,1,1968,2,1
1602214,1,1977,2,1
702862,1,1963,1,1
1720707,1,1935,1,1
1249209,1,1994,2,1
1779334,1,1980,1,1
743319,1,1974,1,1
1921666,1,1950,2,1
1811000,1,2004,2,1
418154,1,1998,1,1
579293,3,0000,0,0
1749120,1,1983,1,1
470792,1,1959,1,1
1461442,1,1967,1,1
1502541,1,2010,2,1
385307,1,2006,1,1
1119319,1,1957,1,1
1262308,1,2010,1,1
462853,1,1952,2,1
1038415,1,1969,2,1
821033,1,1998,2,1
1797484,1,1996,1,1
971619,1,1941,2,1
1843231,1,1997,1,1
1145687,1,1960,1,1
1305604,1,1991,2,1
1813787,1,1962,2,1
1787486,1,1938,2,1
475891,1,2010,1,1
374934,1,2007,1,1
1529403,1,1971,2,1
1214854,1,1991,2,1
919035,1,1968,2,1
1709117,1,2010,1,1
1807672,1,1988,1,1
1814211,1,1945,2,1
406957,1,1936,2,1
1653394,1,1969,2,1
488162,3,0000,0,0
164421,1,1981,1,1
1009616,1,1969,2,1
186033,1,1999,2,1
1338751,1,1992,2,1
58223,1,1996,2,1
1789383,1,1998,1,1
446380,1,1935,2,1
28236,1,2001,2,1
659334,1,1998,2,1
1488247,1,1991,1,1
877396,1,1958,2,1
1442616,1,1986,2,1
507506,1,1945,1,1
642047,1,1952,1,1
908189,1,2007,2,1
1334868,1,1981,2,1
450442,1,2005,1,1
745636,1,1937,2,1
885717,1,1955,2,1
234796,1,1936,2,1
964843,1,1953,2,1
151422,1,1961,2,1
540569,1,2010,1,1
254107,1,1982,2,1
1101185,1,1969,2,1
590784,1,1993,1,1
337832,1,1977,2,1
1074207,1,1946,1,1
1106382,1,1967,1,1
177953,1,2001,1,1
1238804,1,2010,2,1
909595,1,2006,1,1
615068,1,1944,2,1
1292299,1,1978,2,1
685654,1,1954,1,1
1231698,1,1959,1,1
1713267,1,2002,2,1
970134,1,1961,1,1
803858,1,1972,1,1
753874,1,1977,2,1
1411095,1,2003,1,1
1513503,1,1950,1,1
1538205,1,1998,1,1
1049525,1,1951,1,1
1062259,1,1959,2,1
142808,1,2010,1,1
1051627,1,2010,2,1
1919064,1,1994,1,1
1051588,1,1989,2,1
24559,1,1953,2,1
85068,1,1935,2,1
1353257,1,1969,1,1
1269424,1,1999,1,1
818279,1,1974,2,1
232931,1,2000,1,1
1018563,1,1951,1,1
630309,1,1953,1,1
206123,1,1979,2,1
1394172,1,1935,2,1
1068414,1,1970,1,1
905603,1,1960,2,1
129542,1,1942,2,1
1540172,1,2009,1,1
1018553,1,1994,1,1
1260303,1,2010,2,1
1379180,1,1990,1,1
180443,1,1948,1,1
453867,1,2002,2,1
212540,1,1986,1,1
1664216,1,1992,1,1
302642,1,1952,1,1
363912,1,1989,2,1
981371,1,1986,2,1
984579,1,1977,2,1
1905711,3,0000,0,0
1431007,1,2010,2,1
182131,1,1997,1,1
1406304,1,1968,1,1
1742022,1,1966,1,1
1550248,1,2002,2,1
438254,1,1935,1,1
1113249,1,1976,2,1
1589211,1,1973,1,1
1376236,1,1953,1,1
1917217,1,1960,1,1
1185094,1,1941,1,1
90893,1,2009,2,1
721944,1,1997,1,1
1804921,1,1953,2,1
1870166,1,2000,2,1
1880999,1,2010,1,1
572291,1,1944,1,1
1385368,1,1967,1,1
921814,1,1941,2,1
1316431,1,2005,1,1
833788,1,1992,1,1
717574,1,1992,1,1
581080,1,1996,2,1
520986,1,1996,2,1
124873,1,1965,2,1
1233108,1,1955,1,1
1185660,1,1984,2,1
947989,1,1981,2,1
199838,1,2010,2,1
946060,1,1956,2,1
1677445,1,1991,2,1
1164151,3,0000,0,0
576503,1,1984,2,1
766450,1,1959,2,1
1345707,1,1964,2,1
515735,1,2010,1,1
64641,1,1947,2,1
1787357,1,1971,2,1
501984,1,1935,2,1
860640,1,1959,1,1
1647673,1,1977,1,1
1014847,1,2000,2,1
465473,1,1952,1,1
537780,1,2002,1,1
1689106,1,1974,1,1
53526,1,1960,2,1
300936,1,1971,1,1
181870,1,1985,2,1
875766,1,1965,2,1
258839,1,1967,2,1
44874,1,1985,2,1
1621419,1,2010,2,1
1511157,1,2010,1,1
1623967,1,2001,1,1
558967,1,1994,2,1
463717,1,1979,1,1
617117,1,2002,1,1
1731854,1,2010,1,1
1188012,1,1988,1,1
137522,1,1962,2,1
1678118,1,1942,1,1
352514,1,2003,1,1
1057092,1,1986,2,1
1129677,1,1959,1,1
476309,1,1975,2,1
1942485,1,2002,2,1
482085,1,1971,2,1
1531900,1,1942,1,1
183160,1,1997,1,1
398809,1,1942,2,1
55125,1,1936,2,1
867157,1,1935,2,1
763889,1,2002,1,1
1311915,1,2006,1,1
342714,1,1986,1,1
881727,1,1956,2,1
112230,1,1997,2,1
70444,1,2008,1,1
937488,1,2000,2,1
1676639,1,1955,1,1
1378383,1,1943,2,1
1573642,1,1960,1,1
333812,1,1984,1,1
319068,1,1989,1,1
630565,1,2008,2,1
364406,1,1951,2,1
1697031,1,1941,2,1
1452264,1,1995,2,1
736518,1,1947,2,1
1108699,1,1982,2,1
215577,1,1978,2,1
951378,1,1984,2,1
506596,1,1954,1,1
1949530,1,1956,2,1
394970,1,1990,2,1
570310,1,1997,2,1
25498,1,1977,2,1
1725042,1,1972,1,1
1215721,1,1989,2,1
449119,1,1952,1,1
1328363,1,1981,1,1
1007152,1,2010,2,1
439853,1,2010,1,1
350027,1,1972,1,1
1676190,1,2006,1,1
1679942,1,1967,2,1
9839,1,1982,1,1
1164005,1,2010,1,1
1339820,1,1977,2,1
1169380,1,1979,1,1
1313536,1,1988,1,1
1547313,1,1978,2,1
1066174,1,1997,2,1
1816336,1,2000,2,1
920253,1,1975,1,1
1139045,1,1977,2,1
1564265,1,1980,1,1
1711251,1,1960,1,1
365766,1,1960,1,1
1914912,1,1999,1,1
875016,1,2001,2,1
425409,1,1959,2,1
1117098,1,1960,1,1
300526,1,2006,1,1
360626,1,2010,2,1
1190309,1,1982,2,1
841511,1,1993,1,1
999848,1,1962,2,1
335896,1,1981,2,1
508375,1,1981,2,1
1185110,1,1978,1,1
254128,1,1953,1,1
906251,1,2002,1,1
916848,1,1955,2,1
1930223,1,2010,2,1
402706,1,1986,2,1
1345650,1,1959,2,1
1592098,1,1970,1,1
1374840,1,1994,1,1
1084150,1,2006,2,1
1127784,1,1962,1,1
1920850,1,1939,1,1
1550571,1,1998,2,1
1333028,1,1977,2,1
1462383,1,1977,2,1
1930135,1,1948,2,1
956099,1,2010,1,1
1227143,1,1973,1,1
1386406,1,1981,1,1
1764598,1,1957,1,1
1639507,1,1958,2,1
1602335,1,2009,1,1
1707274,1,1980,2,1
649596,1,1993,2,1
1035451,1,1966,1,1
806471,1,1989,1,1
1180492,1,1978,2,1
1248250,1,1973,2,1
1628323,1,1985,1,1
1064101,1,2000,2,1
1815937,1,1945,1,1
605298,1,1955,1,1
1625631,1,2005,1,1
1052313,1,1970,1,1
9212,1,1953,2,1
702100,1,2002,2,1
1861997,1,1974,2,1
250311,1,1975,2,1
1833074,1,2002,1,1
1322457,1,2010,1,1
491060,1,2010,2,1
517965,1,1953,2,1
1148073,1,1976,1,1
45503,1,2010,2,1
1200884,1,1974,1,1
395067,1,1949,1,1
1287370,1,1967,2,1
820373,1,1962,2,1
379833,1,2006,1,1
1884971,1,1987,1,1
1734567,1,1959,1,1
806165,1,1948,1,1
1099437,1,1978,2,1
1543921,1,1953,2,1
1807387,1,1987,2,1
891543,1,1997,2,1
869631,1,1964,2,1
249978,1,1964,1,1
511372,1,1998,1,1
141684,1,2010,1,1
1209627,1,1976,1,1
1712888,1,1992,1,1
293791,1,1962,1,1
480729,1,2010,2,1
1190978,1,1958,1,1
486988,1,1984,1,1
835446,1,1966,1,1
1547939,1,1997,2,1
338613,1,1964,1,1
1696216,1,2010,1,1
253494,1,1962,2,1
1035155,1,1994,1,1
331456,1,1939,1,1
982769,1,2000,1,1
1023395,1,2010,2,1
1710966,1,1975,1,1
1579803,1,1974,2,1
597845,1,1986,1,1
1822336,1,1977,1,1
1622573,1,2010,1,1
1286761,1,1949,1,1
732440,1,1962,1,1
1071533,1,1995,2,1
921229,1,1963,2,1
1095568,1,1952,2,1
233935,1,1961,1,1
693339,1,1944,1,1
1090733,1,1966,1,1
602369,1,1938,1,1
58993,1,1939,2,1
1005447,1,1997,2,1
74330,1,1953,2,1
257244,1,1989,2,1
58022,1,1942,2,1
1315049,1,1944,1,1
881665,1,2010,2,1
323914,1,2010,2,1
1709872,1,1944,1,1
1500854,1,1958,1,1
202467,1,1960,2,1
1195696,1,2003,2,1
167555,1,1985,2,1
1653571,1,1975,1,1
430141,1,1940,1,1
638087,1,1963,2,1
283572,1,1975,1,1
522870,1,2010,2,1
1278966,1,2006,2,1
890438,1,1993,2,1
1423795,1,1991,2,1
44,1,1991,1,1
1768675,1,1988,1,1
708671,1,2006,1,1
1154471,1,2010,1,1
1916858,1,2002,1,1
916467,1,1971,1,1
403706,1,1949,1,1
859025,1,1979,2,1
1350001,1,1960,1,1
495357,1,1935,1,1
393486,1,1945,2,1
770254,1,1954,1,1
43059,1,1976,1,1
1020646,1,1973,1,1
1670262,1,2004,2,1
1236386,1,2000,1,1
543736,1,1948,2,1
1315550,1,1946,2,1
586364,1,1969,1,1
78826,1,1975,2,1
397021,1,2004,1,1
812167,1,1957,2,1
1428846,1,1946,2,1
1406617,1,2010,2,1
1412356,1,1984,2,1
353990,1,1979,2,1
1093825,1,2010,1,1
671965,1,1964,1,1
810257,1,1999,1,1
1401961,1,1982,1,1
500187,1,1944,1,1
639647,1,1970,1,1
1604130,1,2010,1,1
1148116,1,1963,2,1
31022,1,1957,2,1
76850,1,1952,1,1
855491,1,1938,2,1
1797279,1,2007,2,1
728375,1,2007,2,1
1567340,1,1968,2,1
865968,1,2010,1,1
1571034,1,1985,2,1
1860227,1,2001,1,1
1530897,1,1985,2,1
1479811,1,1989,2,1
1589616,1,1969,1,1
1276897,1,2002,1,1
863858,1,1935,2,1
240559,1,1989,2,1
1430282,1,1997,2,1
1244074,1,1998,1,1
650834,1,1935,1,1
636256,1,2010,1,1
1439935,1,1944,1,1
1060011,1,1995,1,1
1403373,1,1980,2,1
1347495,1,1962,2,1
1566757,1,2009,1,1
791083,1,1974,2,1
1840648,1,1956,2,1
163520,1,1949,1,1
556654,1,1979,2,1
691863,1,1965,1,1
997937,1,1960,1,1
717125,1,2010,2,1
390936,1,1957,2,1
1935423,1,1957,1,1
1878975,1,1947,1,1
459076,1,1975,2,1
1164159,1,1950,1,1
1373373,1,1997,2,1
1863989,1,1964,2,1
647789,1,1982,2,1
1023301,1,1949,2,1
506213,1,1993,1,1
1767206,3,0000,0,0
1892580,1,1985,1,1
214283,1,2010,2,1
1879298,1,1954,1,1
801080,1,1985,2,1
1431527,1,1997,1,1
2130,1,1968,1,1
1128980,1,2009,1,1
18917,1,1986,1,1
1726063,1,1941,2,1
807814,1,2002,2,1
1174072,1,1966,2,1
1265468,3,0000,0,0
809529,1,2010,1,1
75594,1,1956,2,1
1958180,1,1963,2,1
1226835,1,1998,2,1
1874115,1,1976,1,1
919205,1,2003,1,1
1303738,1,2005,1,1
1794393,1,1981,2,1
1798491,1,1987,1,1
1856687,1,1953,1,1
1531406,1,1997,2,1
1088556,1,1956,2,1
508906,1,1951,1,1
2821,1,1991,2,1
1068705,1,2010,1,1
1111815,1,1952,2,1
875600,1,1958,2,1
342530,1,1995,1,1
1009619,1,1990,2,1
1415384,1,1963,1,1
1876212,1,2000,2,1
1714104,1,1966,1,1
1554239,1,1999,2,1
1387798,1,1988,2,1
717890,1,1960,2,1
653792,1,1954,1,1
1454551,1,1984,2,1
208770,1,1960,2,1
242958,1,1988,2,1
804158,1,1980,2,1
796315,1,1953,2,1
1580253,1,1989,1,1
419940,1,1993,1,1
1717869,1,2010,2,1
1797420,1,1942,1,1
729278,1,1974,1,1
398311,1,2010,2,1
1041653,1,2001,2,1
1533733,1,2006,2,1
1355813,1,2000,2,1
548368,1,1957,1,1
168386,1,1999,2,1
351479,1,1980,2,1
308924,1,1945,2,1
61266,1,1970,2,1
23485,1,1982,2,1
1372137,1,1965,1,1
538598,1,1958,2,1
1120672,1,1987,1,1
1156995,1,1994,2,1
1802806,1,1971,2,1
1708910,1,1999,1,1
399031,1,2010,2,1
1222792,1,1982,1,1
1227102,1,1959,1,1
134864,1,1951,1,1
481824,1,1958,2,1
153881,1,1991,2,1
856240,1,1992,1,1
449290,1,1989,1,1
210475,1,1948,2,1
964151,1,1964,2,1
1875582,1,2005,1,1
1755158,1,2005,2,1
1236175,1,1972,2,1
196218,1,1992,1,1
1742766,1,1962,1,1
1819811,1,1961,1,1
544169,1,1969,1,1
395722,1,1954,1,1
747055,1,1953,1,1
1566685,1,2003,2,1
17187,1,1945,2,1
941285,1,1956,1,1
1849097,1,1998,2,1
565952,1,1939,1,1
1247142,1,1957,2,1
1002449,1,1989,2,1
201337,1,1995,1,1
556443,1,1999,1,1
456890,1,1991,2,1
48331,3,0000,0,0
1249325,1,1955,2,1
1628885,1,1995,2,1
1594669,1,1937,1,1
19251,1,2010,1,1
634120,1,1967,1,1
785400,1,1976,2,1
232560,1,1993,2,1
418232,1,1985,2,1
1349214,1,1978,1,1
586520,1,1935,1,1
1425026,1,2010,2,1
808739,1,1999,1,1
1678641,1,1983,1,1
1517782,1,1989,1,1
1174420,1,2007,1,1
478861,1,1996,2,1
711139,1,1984,1,1
837374,1,1974,2,1
1919449,1,1962,1,1
1883955,1,1973,1,1
839035,1,1995,1,1
1325040,1,1963,2,1
1564541,1,2000,1,1
453,1,1977,1,1
684888,1,1979,2,1
1621248,1,1954,2,1
1480688,1,1977,1,1
876480,1,1991,2,1
323684,1,1965,1,1
1468413,1,1985,2,1
674635,1,1999,2,1
1286571,1,1997,2,1
1066762,1,2010,2,1
1243113,1,2010,2,1
923310,1,2003,2,1
985766,1,1966,2,1
370354,1,1979,1,1
640129,1,1999,1,1
959742,1,1971,1,1
1490656,1,1954,2,1
1709644,1,1966,2,1
350899,1,1953,1,1
135638,1,1984,2,1
1458619,1,2010,2,1
477376,1,1972,1,1
58073,1,1935,1,1
584841,1,1982,1,1
1335837,1,2010,1,1
1190465,1,1973,1,1
1794844,1,1979,1,1
340273,1,1991,2,1
1573595,1,1995,2,1
1745651,1,1980,2,1
1173931,1,1988,2,1
1171445,1,1965,2,1
355473,1,2010,2,1
1617924,1,2010,2,1
172066,1,1974,2,1
1395324,1,1947,1,1
1552809,1,1947,1,1
1238701,1,1994,2,1
1565836,1,1937,1,1
600506,1,2002,2,1
1008217,1,1989,1,1
1628409,1,2005,2,1
640501,1,2009,2,1
125643,1,1972,2,1
1727013,1,1981,2,1
1564361,1,1995,1,1
191614,1,2004,2,1
99032,1,1994,1,1
1734951,1,1966,2,1
872906,1,1985,1,1
987322,1,2007,2,1
266546,1,1978,2,1
1088563,1,1992,2,1
607211,1,2010,1,1
1434317,1,1993,1,1
172190,1,1937,2,1
285693,1,1955,1,1
1347081,1,2010,2,1
1113238,1,1990,2,1
1186989,1,2010,2,1
301397,1,1935,2,1
1798266,1,1946,1,1
1231064,1,1994,1,1
1174307,1,1937,1,1
1916845,1,2010,1,1
163587,1,1937,2,1
1074621,1,2010,2,1
1910135,1,1954,1,1
523178,1,1948,2,1
1760463,1,1978,2,1
578584,1,1955,2,1
564569,1,1962,2,1
1789567,1,1985,2,1
885095,1,1974,2,1
1188121,1,1959,1,1
61146,1,1959,2,1
1550654,1,1983,2,1
419141,1,2010,1,1
581118,1,1975,2,1
1448872,1,1969,1,1
236263,1,1961,2,1
391561,1,1945,1,1
1106537,1,1981,2,1
1160094,1,2000,1,1
528794,1,1965,1,1
1105925,1,1954,1,1
381152,1,1977,2,1
1351642,1,1984,1,1
729529,1,1959,2,1
1514287,1,2006,2,1
1788041,1,1980,2,1
1151021,1,1986,1,1
1950331,1,1938,2,1
1522010,1,1947,2,1
1479302,1,2007,2,1
1038396,1,1982,2,1
1157651,1,1987,1,1
1523403,1,2010,2,1
1173739,1,2002,2,1
655798,1,1948,1,1
1753399,1,1972,1,1
968236,1,1943,2,1
385697,1,1961,1,1
1568150,1,1993,1,1
91842,1,2007,2,1
1218775,1,1942,1,1
1036016,1,1974,2,1
1014367,1,1951,2,1
442177,1,2006,2,1
1825901,1,1970,2,1
48443,1,2009,1,1
598339,1,1998,1,1
1109501,1,1958,1,1
836853,1,2010,2,1
1591832,1,1964,1,1
495396,1,1982,2,1
1022657,1,2010,1,1
702594,1,1971,2,1
166747,1,2000,2,1
794874,1,1987,1,1
1123394,1,2004,1,1
191621,1,1984,1,1
1358028,1,1937,1,1
148223,1,2010,1,1
887349,1,1968,2,1
411647,1,1942,2,1
806451,1,1970,2,1
1274424,1,1992,1,1
601619,1,2010,1,1
1081113,1,1966,2,1
682888,1,1983,2,1
392349,1,1981,1,1
745076,3,0000,0,0
621830,1,1955,1,1
1068347,3,0000,0,0
391275,1,2008,2,1
1325754,1,1945,2,1
691826,1,1944,1,1
1829146,1,2004,2,1
1590679,1,1995,2,1
1207643,1,1979,1,1
565652,1,2006,1,1
632697,1,1962,1,1
818306,1,1958,1,1
794468,1,2008,1,1
1064223,1,1956,2,1
1837449,1,2010,2,1
211221,1,2009,2,1
1149060,1,1981,1,1
1732164,1,2010,2,1
290370,1,2001,1,1
134669,1,1970,2,1
1540522,1,1965,2,1
1644099,1,1945,2,1
473853,1,1964,2,1
1210514,1,1997,1,1
821288,1,1966,1,1
1042766,1,2009,2,1
1688827,1,1983,1,1
301224,1,1963,2,1
1701102,1,1953,2,1
157344,1,1970,2,1
1094816,1,2010,2,1
1314149,1,1999,1,1
750308,1,1979,1,1
1695792,1,1948,1,1
1399115,1,1953,2,1
360224,1,1982,1,1
299165,1,1956,1,1
1923009,1,1984,1,1
1077825,1,1953,1,1
1087882,1,1945,2,1
1254966,1,1993,2,1
393037,1,1979,1,1
1217533,1,2010,2,1
1230517,1,1956,1,1
523879,1,1954,2,1
624023,1,1940,1,1
1174081,1,1993,1,1
1094070,1,2010,1,1
1461154,1,2010,1,1
1153937,1,1978,1,1
73447,1,1941,1,1
1834249,1,1983,1,1
730619,1,1974,2,1
1634037,1,1961,1,1
1918155,1,1949,2,1
848913,1,1973,2,1
638521,1,2010,1,1
570887,1,1970,1,1
55589,1,1970,1,1
1384275,1,1949,2,1
1176790,1,2000,1,1
508768,1,2010,2,1
190986,1,1977,2,1
1168408,1,1957,1,1
735882,1,1975,2,1
876190,1,2010,1,1
167275,1,1974,1,1
562949,3,0000,0,0
1936938,1,1965,2,1
441391,1,1957,2,1
974208,1,1964,1,1
1530755,1,1947,1,1
667784,1,2010,2,1
1150998,1,1963,2,1
169049,1,1972,1,1
571112,1,1979,1,1
1312833,1,1983,1,1
1324670,1,2006,2,1
1774094,1,1961,2,1
34304,1,1976,1,1
1589794,1,1979,1,1
1548681,1,1990,1,1
1730409,1,1977,2,1
1579171,1,1965,1,1
1530520,1,2005,2,1
1538554,1,1977,1,1
662135,1,1981,1,1
1929047,1,1967,1,1
1622212,1,1958,2,1
190846,1,2010,2,1
694557,1,1973,1,1
1172509,1,1977,2,1
300522,1,1959,1,1
70777,1,1992,2,1
1253470,1,2009,2,1
138077,1,1965,1,1
510170,1,1957,2,1
1529527,1,1994,1,1
1007121,1,2010,2,1
1593453,1,2010,2,1
513494,1,1958,1,1
1305079,1,2010,1,1
310975,1,1966,1,1
791536,1,1985,2,1
576940,1,2010,2,1
1426710,1,1954,2,1
1855341,1,1958,1,1
871565,1,1935,2,1
1309890,1,1990,2,1
935677,1,1967,1,1
1115811,1,1999,1,1
1336287,1,1982,1,1
1472351,1,1944,1,1
1501338,1,1955,1,1
739145,1,1958,1,1
202627,1,2008,2,1
1184431,1,2000,2,1
1072308,1,1953,2,1
728784,1,1958,2,1
1882824,1,1982,1,1
867236,1,1955,1,1
260753,1,1989,2,1
1241388,1,1937,2,1
1152372,1,1950,2,1
1680899,1,1990,1,1
374954,1,1966,2,1
1616197,1,1973,2,1
54100,1,1994,1,1
210409,1,2003,2,1
1661436,1,1977,2,1
995605,1,1971,2,1
191166,1,1987,1,1
414924,1,1992,2,1
1231531,1,1969,1,1
1028425,1,1955,1,1
392915,1,1981,2,1
1618388,1,1962,1,1
225231,3,0000,0,0
483348,1,2001,2,1
769218,1,1994,2,1
1661071,1,1957,1,1
1161622,1,1973,1,1
1729585,1,1980,1,1
676160,1,2000,1,1
1867547,1,1974,2,1
46213,1,2007,1,1
980372,1,1999,2,1
1293417,1,1955,2,1
303557,1,1970,1,1
1958346,1,1989,1,1
1090028,1,1969,1,1
259989,1,1981,2,1
1916491,1,1945,2,1
968977,1,1976,1,1
443713,1,2010,2,1
1850105,1,1963,1,1
1886519,1,2010,2,1
121788,1,1946,2,1
876174,1,1958,1,1
721077,1,1998,2,1
842198,1,1990,2,1
338605,1,1951,2,1
979019,1,1996,1,1
359505,1,1968,2,1
1470966,1,2006,1,1
1870616,1,1975,2,1
300268,1,1957,1,1
283108,1,1964,2,1
218572,1,1992,1,1
940570,1,2010,2,1
1833271,1,1983,2,1
1959058,1,1991,1,1
701696,1,1967,1,1
290625,1,1996,1,1
199123,1,1979,2,1
1724075,1,1985,2,1
1918446,1,1971,1,1
890645,1,1991,2,1
1486812,1,1937,2,1
902000,1,2003,1,1
901284,1,1935,1,1
275519,1,1987,2,1
713340,1,2004,2,1
436566,1,1956,2,1
1166912,1,1982,2,1
1957568,1,1955,1,1
595354,1,1998,2,1
1274676,1,1970,1,1
829832,1,1972,2,1
1556926,1,1990,1,1
81460,1,1979,2,1
1613488,1,1966,1,1
1423869,1,2000,1,1
1054196,1,1950,1,1
1871580,1,1964,2,1
785227,1,1990,1,1
777610,1,1981,2,1
973414,1,2000,1,1
1288931,1,1986,1,1
1295229,1,1981,2,1
954181,1,1956,2,1
228065,1,1976,1,1
1475795,1,1979,2,1
354326,1,1996,2,1
726251,1,2010,2,1
1504111,1,1978,2,1
1629904,1,2001,1,1
1370331,1,1980,2,1
523495,1,1972,2,1
1436102,1,1999,2,1
1909598,1,2006,1,1
1681573,1,1953,1,1
1724304,1,1980,2,1
399070,1,1951,2,1
1539356,1,1987,2,1
498855,1,2003,2,1
902836,1,1965,1,1
1049530,1,1980,1,1
364333,1,1957,2,1
488676,1,1952,2,1
1007565,1,1966,1,1
1884131,1,1968,1,1
365821,1,1995,1,1
107982,1,2003,1,1
304979,1,2003,2,1
17560,1,1997,2,1
1118693,1,1936,2,1
256561,1,1973,1,1
1489389,1,1976,1,1
1206130,1,1938,2,1
1235500,1,2006,2,1
1398777,1,1949,1,1
973660,1,1961,2,1
292219,1,1992,2,1
572610,1,1962,1,1
1120472,1,1994,2,1
1778690,1,2004,1,1
1237064,1,2005,2,1
1366351,1,1940,2,1
1108367,1,1959,2,1
1019679,1,1993,1,1
983884,1,1972,1,1
269626,1,1981,1,1
159913,1,1949,2,1
1378885,1,1976,1,1
781800,1,1997,1,1
503704,1,2008,2,1
448864,1,1985,1,1
54664,1,1996,2,1
100505,1,2000,1,1
457761,1,2010,1,1
532104,1,1951,1,1
86357,1,1956,1,1
1740279,1,1982,1,1
436051,1,1967,1,1
870699,1,1978,1,1
237848,1,1972,1,1
578852,1,1958,2,1
1357462,1,1993,1,1
901803,1,1984,1,1
1253671,1,2003,1,1
522489,1,2006,1,1
542456,1,2010,2,1
1072852,1,1978,2,1
182004,1,1969,2,1
1242559,1,1960,2,1
701103,1,1980,1,1
1341190,1,1977,1,1
1475246,1,1959,1,1
645356,1,1949,2,1
1817494,1,1952,1,1
911895,1,2010,1,1
588071,1,1971,1,1
13211,1,1992,1,1
105866,1,1965,1,1
619465,1,2004,2,1
1881526,1,1984,2,1
1048871,1,1969,2,1
1117842,1,1979,2,1
1081782,1,2010,1,1
841373,1,1994,1,1
949642,1,1993,2,1
1000529,1,1999,2,1
1407691,1,1979,2,1
565059,1,1951,2,1
783339,1,1967,1,1
1470448,1,1964,1,1
684665,1,1973,1,1
1361299,1,1957,1,1
527679,1,2010,1,1
24130,1,1943,1,1
201004,1,1970,2,1
712690,1,1997,1,1
1367497,1,1986,2,1
92276,1,1989,2,1
1651873,1,1983,1,1
365865,1,1990,1,1
1106407,1,2010,1,1
1076548,1,1995,1,1
929269,1,1969,1,1
1381567,1,1967,1,1
510069,1,1971,1,1
1877423,1,1997,2,1
1160491,1,1935,2,1
670468,1,1957,1,1
649985,1,1980,2,1
766573,1,1980,2,1
1314286,1,1938,1,1
1863822,1,1996,2,1
33030,1,2008,1,1
696631,1,1978,1,1
789433,1,1992,1,1
465431,1,1981,2,1
663086,1,1992,2,1
1505194,1,1964,1,1
157888,1,1970,1,1
198130,1,1948,2,1
470417,1,1981,1,1
1800530,1,1972,2,1
1095636,1,1961,2,1
1871432,1,1975,1,1
1111316,1,1985,2,1
1716554,1,2010,1,1
280824,1,1973,1,1
64492,1,1983,2,1
1127567,1,1949,2,1
1080117,1,1988,2,1
1663181,1,1977,2,1
18663,1,1983,2,1
233941,1,1999,1,1
365804,1,1975,1,1
385234,1,1988,2,1
668154,1,2009,1,1
1412024,1,2010,1,1
1821675,1,1969,1,1
285480,1,1988,2,1
660316,1,2010,1,1
232809,1,2006,1,1
1633328,1,1950,2,1
1388500,1,2010,2,1
799624,1,1968,2,1
559005,1,1951,2,1
1073960,1,1995,2,1
1094470,1,1952,2,1
647746,1,1987,2,1
845873,1,2006,1,1
343489,1,1983,2,1
319504,1,1990,1,1
265436,1,1994,2,1
570219,1,1954,2,1
300664,1,2005,2,1
927046,1,1998,2,1
54815,1,1965,1,1
1502550,1,1999,1,1
497989,1,1967,1,1
1630177,1,1982,2,1
1739039,1,1992,2,1
1110070,1,1955,1,1
1333487,1,1994,1,1
898206,1,1978,2,1
1699638,1,1949,1,1
153332,1,1988,1,1
368167,1,1966,1,1
1619182,1,1997,2,1
657784,1,1950,2,1
646485,1,1970,2,1
1099805,1,1980,1,1
625394,1,1972,2,1
606998,1,1993,2,1
1640249,1,1935,2,1
873250,1,1978,1,1
107346,1,1951,1,1
1872263,1,1961,1,1
1091372,1,1981,1,1
1496020,1,1976,2,1
1871221,1,1970,2,1
1078900,1,1983,1,1
1556789,1,1955,1,1
92934,1,1990,1,1
180110,1,1968,2,1
374184,1,1973,1,1
806977,1,1974,1,1
1445351,1,1950,2,1
1495329,1,1960,2,1
531571,1,1983,1,1
779914,1,1941,1,1
47726,1,1981,1,1
1375826,1,1989,1,1
1882238,1,1964,2,1
749128,1,2005,2,1
1506222,1,1955,2,1
505119,1,1951,2,1
1901901,1,1987,1,1
36169,1,2010,1,1
1553623,1,1952,1,1
1508881,1,1941,1,1
95153,1,1963,2,1
152360,1,1970,1,1
751890,1,1970,2,1
283738,1,1997,1,1
1744961,1,1942,1,1
782086,1,1998,1,1
1869650,1,1974,2,1
1597974,1,1970,2,1
1538563,1,1956,1,1
573164,1,1956,2,1
1319670,1,1996,2,1
1406099,1,2010,2,1
396425,1,1973,2,1
1075840,1,1994,1,1
877486,1,1989,1,1
444400,1,1982,1,1
1624866,3,0000,0,0
989417,1,1968,2,1
520127,1,1992,2,1
1497222,1,1974,1,1
1840593,1,1959,2,1
1275320,1,1994,1,1
852376,1,1956,2,1
1951667,1,1946,1,1
1346482,1,1936,2,1
398279,1,1962,2,1
1688581,1,1944,2,1
561202,1,1983,1,1
1548187,1,1992,2,1
716998,1,1958,2,1
731593,1,1996,1,1
1726115,1,1990,1,1
474673,1,1939,1,1
1652384,1,1981,1,1
1567876,1,1987,2,1
683301,1,2006,2,1
1233041,1,1935,1,1
1912559,1,1972,1,1
512994,1,2007,2,1
296279,1,1969,2,1
1537081,1,1971,2,1
981462,1,1984,2,1
1241221,1,1935,1,1
650711,1,2010,1,1
1080924,1,1962,2,1
197185,1,2001,1,1
1154627,1,2005,2,1
761150,1,1937,2,1
567201,1,2010,2,1
1438877,1,1995,1,1
1007719,1,2010,1,1
1933500,1,1950,1,1
1786001,3,0000,0,0
1725075,1,1963,2,1
251100,1,1991,2,1
820257,1,1994,1,1
1472797,1,1989,1,1
1958887,1,1994,1,1
184843,1,1977,2,1
14281,1,1962,2,1
207278,1,1986,2,1
527142,1,1985,1,1
1177795,1,1964,2,1
911518,1,1961,2,1
1423840,1,1935,2,1
1259173,1,1966,2,1
773558,1,1956,2,1
1629707,1,2008,1,1
1776982,1,1967,2,1
595461,1,1943,2,1
1108346,1,1967,2,1
1259867,1,1999,1,1
651821,1,2010,2,1
1524873,1,1970,2,1
527857,1,1947,1,1
1755463,1,1962,1,1
686407,1,1980,1,1
463701,1,1986,2,1
821752,1,1954,1,1
1154999,1,1968,2,1
104701,1,1971,1,1
1774870,1,2010,1,1
8615,1,1972,2,1
234930,1,1959,2,1
1308675,1,2007,2,1
1013475,1,2001,2,1
283778,1,1970,1,1
1171715,1,1968,1,1
221173,1,1968,1,1
138710,1,1994,2,1
1162135,1,2000,2,1
1644781,1,1980,1,1
917013,1,1953,2,1
493047,1,1996,2,1
85505,1,2003,2,1
1669730,1,1940,2,1
1477384,1,2001,1,1
247649,3,0000,0,0
899330,1,1977,2,1
61452,1,1975,2,1
1074311,1,1969,1,1
1944227,1,1957,2,1
387305,1,2010,1,1
1246723,1,1967,1,1
1410748,1,2008,2,1
1322251,1,1988,1,1
1053734,1,1999,2,1
1261287,1,1978,1,1
299844,1,2003,2,1
86261,1,1987,2,1
803484,1,2005,2,1
343130,1,2004,2,1
33946,1,2010,2,1
648265,1,1962,1,1
1006668,1,1943,1,1
1068808,1,1974,1,1
493640,1,2003,2,1
1384750,1,1993,2,1
179443,1,1966,1,1
1109691,1,1996,1,1
1364206,1,1952,2,1
1774597,1,1966,2,1
700016,3,0000,0,0
439267,1,2010,1,1
1290044,1,1947,1,1
1156636,1,1966,2,1
242030,1,1983,2,1
391397,1,1991,2,1
1421540,1,1966,1,1
672646,1,2008,2,1
929188,1,1972,1,1
1039784,1,1961,1,1
518209,1,1962,1,1
1167395,1,1935,2,1
555433,1,1978,1,1
879792,1,2005,1,1
571322,1,1975,2,1
907657,1,1961,2,1
1832191,1,1960,2,1
1901668,1,2010,1,1
984289,1,1945,1,1
1597242,1,1949,1,1
1468050,1,2006,1,1
1441664,1,1984,2,1
259155,1,1996,1,1
1327491,1,1992,1,1
193537,1,1965,1,1
782786,1,1984,1,1
383929,1,1998,1,1
1495478,1,1973,2,1
275669,1,1982,1,1
668501,1,1959,1,1
785459,1,2010,1,1
227347,1,1988,2,1
553822,1,2005,1,1
968128,1,1994,2,1
374696,1,1951,1,1
83501,1,1958,1,1
1780687,1,2010,2,1
1299604,1,1980,2,1
421046,1,1975,1,1
1643343,1,2004,2,1
1781774,1,2010,1,1
1225843,1,1988,2,1
326260,1,1975,2,1
1236687,1,1991,2,1
1170542,1,2010,1,1
37895,1,1990,2,1
437215,1,1957,1,1
339110,1,1985,1,1
933981,1,1956,2,1
1637480,1,1935,2,1
837587,1,1958,1,1
1925611,1,1963,1,1
179774,1,2010,1,1
1540323,1,1967,1,1
1491611,1,1959,2,1
1442584,1,2010,1,1
1675544,1,2001,2,1
34975,1,2010,1,1
1447738,3,0000,0,0
1367038,1,1995,2,1
1416373,1,2009,1,1
629000,1,1980,1,1
1335223,1,1982,1,1
273719,1,1970,1,1
1403500,1,2010,1,1
62865,1,1965,1,1
954444,1,1991,1,1
153271,1,1973,2,1
121251,1,2003,2,1
461427,1,1950,2,1
1447336,1,1986,2,1
874646,1,1935,1,1
1209717,1,1956,2,1
403474,1,1979,1,1
97375,1,1976,2,1
1938389,1,1985,2,1
1912903,1,1965,2,1
2914,3,0000,0,0
515490,1,1952,1,1
1395977,1,1987,2,1
1245488,1,1961,2,1
774944,1,1996,2,1
764881,1,2007,2,1
1371743,1,1957,2,1
880892,1,1967,2,1
1346219,1,1947,1,1
1718092,1,1963,2,1
1691378,1,2010,2,1
1136185,1,1952,2,1
1074114,1,1941,2,1
125802,1,1963,2,1
1803913,1,1962,1,1
1773082,1,1985,1,1
1056205,1,1939,1,1
962875,1,1975,1,1
976073,1,1990,1,1
1284167,1,2002,2,1
932872,1,1983,1,1
1022131,1,1946,1,1
1212738,1,2001,2,1
577544,1,1976,2,1
1196161,1,1977,2,1
520850,1,1994,2,1
1454738,1,1981,1,1
173291,1,1986,1,1
168945,1,1989,2,1
1136673,1,1989,1,1
78007,1,1965,2,1
942328,1,1980,2,1
1588794,1,1989,1,1
1380009,1,1985,1,1
1687683,1,1945,1,1
478483,1,1995,2,1
272697,1,1998,2,1
1154857,1,1959,1,1
78036,1,1969,1,1
1120997,1,2005,2,1
1792372,1,1994,1,1
265655,1,1996,2,1
283671,1,1946,2,1
965359,1,1995,1,1
176943,1,2000,2,1
1391511,1,2010,2,1
406411,1,1996,1,1
19950,1,1957,1,1
935071,1,1962,2,1
44834,1,1999,1,1
210140,1,1943,2,1
1361986,1,1944,1,1
1882039,1,1997,2,1
1385137,1,1981,2,1
565398,1,1989,1,1
1302354,1,1981,2,1
1833426,1,1963,1,1
1261457,1,2010,1,1
1791873,1,1982,2,1
1187674,1,1946,2,1
310141,1,2000,1,1
1804095,1,2002,2,1
473956,1,1986,1,1
1803829,1,1996,2,1
701838,1,1959,2,1
85595,1,1981,2,1
401928,1,1989,2,1
134727,1,1998,2,1
763408,1,1967,2,1
1864526,1,1996,1,1
915972,1,1937,1,1
700323,1,1992,1,1
1198108,1,2010,2,1
780775,1,1979,1,1
25738,1,1959,1,1
1448013,1,1972,1,1
379568,1,1956,1,1
681398,1,1960,1,1
1012735,1,1960,1,1
698933,1,1983,1,1
1877319,1,1998,2,1
322225,1,1975,1,1
1051358,1,1941,2,1
1944543,1,1975,2,1
44566,1,2008,1,1
1893607,1,1977,1,1
49414,1,1953,1,1
1759796,1,1953,2,1
1661368,1,2009,1,1
659853,1,1998,1,1
747608,1,1986,1,1
795950,1,1977,2,1
1304344,1,2009,2,1
1730868,1,1961,2,1
1204768,1,1950,1,1
400211,1,1954,1,1
950721,1,1946,2,1
264254,1,1980,1,1
1135960,1,2000,1,1
1032836,1,2007,2,1
219295,1,1963,1,1
81676,1,1966,1,1
1097096,1,1954,1,1
179908,1,2010,1,1
731695,1,1952,2,1
1080202,1,1969,2,1
1843999,1,1999,2,1
1328999,1,1988,2,1
1323944,1,2009,2,1
888249,1,1962,2,1
87106,1,1969,1,1
1023454,1,1964,2,1
1137569,1,1976,1,1
169479,1,1974,2,1
994669,1,1959,1,1
12893,1,1944,2,1
1355225,1,1952,1,1
1833710,1,2001,2,1
865443,1,1960,2,1
5778,1,1935,1,1
830379,1,1946,1,1
105755,1,1990,2,1
1000828,1,2010,2,1
1690112,1,1959,2,1
1429498,1,1976,2,1
1012980,1,1988,2,1
803241,1,1973,2,1
1322115,3,0000,0,0
1693595,1,1971,2,1
102053,1,2008,2,1
1588063,1,1982,2,1
542214,1,1987,1,1
216118,1,1965,1,1
1131034,1,1982,1,1
1758267,1,1996,2,1
810603,1,1957,1,1
1291431,1,1978,2,1
1775600,1,1962,2,1
207492,1,1996,2,1
790076,1,2007,2,1
19851,1,1970,2,1
1609997,1,1999,1,1
1050824,1,2001,2,1
578799,1,1946,1,1
16770,1,1991,1,1
393351,1,1951,2,1
1539474,1,1944,2,1
1196358,1,2003,2,1
1608424,1,1974,2,1
318588,1,1955,1,1
769014,1,1991,1,1
500901,1,1966,1,1
1883493,1,1981,2,1
1209980,1,1988,2,1
1817113,1,1969,2,1
1325036,1,1942,2,1
1115717,1,1965,2,1
109889,1,2010,2,1
941901,1,2007,1,1
1858172,1,1977,2,1
852685,1,1968,1,1
232385,1,1942,1,1
935171,1,1984,2,1
1069842,1,2010,1,1
1080722,1,1975,1,1
1026169,1,1969,2,1
1584859,1,1959,2,1
620448,1,2000,2,1
725746,1,1951,2,1
535132,1,1944,1,1
584479,1,1949,2,1
1915451,1,1953,2,1
1871629,1,1955,1,1
1658200,1,2010,1,1
1491077,1,1944,2,1
37111,1,1975,2,1
1807441,1,2005,2,1
1785260,1,2002,1,1
1467759,1,1968,1,1
1848419,1,1955,2,1
474925,1,2002,1,1
1883759,1,1987,1,1
269904,1,2000,1,1
369735,1,1992,1,1
1855693,1,1961,2,1
221309,1,1992,2,1
1182188,1,1997,1,1
1925721,1,1974,1,1
1922919,1,1987,2,1
1308504,1,1976,2,1
39423,1,1971,1,1
885044,1,1974,1,1
192092,1,1937,2,1
34908,1,1959,2,1
97993,1,2001,1,1
978499,1,1983,2,1
293677,1,1946,1,1
149912,1,1978,1,1
1414716,1,1996,1,1
1047620,1,1970,1,1
1563513,1,1995,1,1
403746,1,1972,2,1
604436,1,1956,1,1
1347931,1,1945,2,1
837218,1,1951,2,1
53998,1,1968,2,1
656370,1,1948,1,1
587707,1,1976,2,1
931223,1,2010,1,1
1366849,1,1974,1,1
1688804,1,1997,2,1
290421,1,1946,1,1
1855340,1,1991,1,1
57754,1,1998,2,1
79824,1,1975,2,1
898242,1,1942,1,1
1125775,1,1955,2,1
1957786,1,1947,1,1
1941619,1,1967,1,1
1417507,1,1967,1,1
61750,1,1963,1,1
623924,1,1989,2,1
905750,1,1992,1,1
501302,1,2010,1,1
1929554,1,1953,2,1
1298122,1,2010,1,1
81375,1,1957,2,1
488,1,1974,1,1
1360184,1,1980,2,1
1648495,1,1956,1,1
216718,1,2008,1,1
1263812,1,1935,2,1
174973,1,1998,1,1
1410044,1,1944,1,1
57928,1,1961,2,1
388282,1,1998,1,1
1006962,1,1951,1,1
664537,1,1983,2,1
1120293,1,1945,2,1
1358527,1,1988,1,1
685961,1,1993,2,1
1581724,1,1976,2,1
977389,1,1985,1,1
1107563,1,2010,2,1
545601,1,1983,2,1
239943,1,2002,1,1
10812,1,1962,1,1
1668697,1,1949,1,1
30784,1,2009,2,1
305721,1,2010,1,1
1831517,1,2010,2,1
569306,1,1979,2,1
786191,1,1989,2,1
870399,1,1951,1,1
168968,1,2002,2,1
1274682,1,1994,2,1
1079432,1,2005,1,1
968410,1,1948,1,1
1810284,1,2003,1,1
1491262,1,2009,2,1
294445,1,1985,1,1
1837494,1,1994,2,1
1182918,1,1999,1,1
1674513,1,2010,2,1
1950537,1,2010,2,1
1372635,1,1979,1,1
1580578,1,1999,2,1
1955367,1,2001,1,1
223028,1,1975,2,1
1491163,1,1992,2,1
1597371,1,1968,2,1
1904467,1,1998,1,1
471695,1,1982,1,1
1817223,1,1944,2,1
1229120,1,1980,2,1
1037708,1,2000,2,1
548290,1,1993,1,1
1666589,1,1995,1,1
1043198,1,1959,1,1
451676,1,1998,1,1
1824142,1,1998,1,1
1171203,1,2001,2,1
1205258,1,1994,1,1
491706,1,1969,2,1
53221,1,1959,1,1
669657,1,2010,2,1
93922,1,1947,2,1
1639688,1,1962,2,1
588698,1,1958,1,1
1015816,1,1973,1,1
1242731,1,1998,2,1
1519604,1,1973,1,1
1319266,1,1968,2,1
815764,1,1939,1,1
827519,1,1983,2,1
1467497,1,1967,1,1
1895833,1,2001,2,1
488100,1,1999,2,1
1193167,1,1998,2,1
380940,1,2004,1,1
1440454,1,1958,1,1
1929498,1,1978,1,1
1757703,1,2010,1,1
1091435,1,1993,2,1
322171,1,1939,2,1
807534,1,1969,1,1
702526,1,1981,1,1
1145542,1,1980,2,1
1522105,1,1964,1,1
557562,1,1967,2,1
1593078,1,1943,2,1
1612547,1,2005,1,1
67182,1,1959,2,1
1738491,1,1983,2,1
1506695,1,2003,2,1
1311385,1,1945,2,1
612557,1,1968,1,1
1816908,1,1978,2,1
1762193,1,2007,1,1
809120,1,2005,2,1
972860,1,2010,1,1
1735985,1,2003,2,1
684744,3,0000,0,0
459678,1,1969,2,1
743467,1,1947,2,1
1629645,1,2010,2,1
1306810,1,1973,2,1
183376,1,2002,2,1
534535,1,1991,1,1
1932650,1,1985,2,1
1418285,1,2010,1,1
1725791,1,1998,1,1
1251193,1,1992,2,1
1678002,1,1985,2,1
1766315,1,1947,2,1
1420398,1,1985,2,1
758141,1,2006,2,1
1257909,1,1947,2,1
1605407,1,1960,2,1
1740776,1,1965,1,1
1940050,1,1974,1,1
138363,1,2010,1,1
604254,1,2004,1,1
811808,1,1957,1,1
872367,1,2006,2,1
1425114,3,0000,0,0
128344,1,1973,2,1
960747,1,1962,2,1
1212023,1,1995,1,1
889432,1,2001,2,1
420424,1,1997,2,1
1123843,1,1972,1,1
339966,1,1956,1,1
1752821,1,1935,1,1
985468,1,1990,1,1
1031549,1,1977,1,1
200940,1,1969,1,1
372459,1,1964,2,1
1024481,1,2010,2,1
382968,1,1950,1,1
1565967,1,2004,2,1
486420,1,1972,2,1
1073098,1,1982,1,1
1770048,1,2001,2,1
441156,1,2001,1,1
573409,1,1987,2,1
669977,1,1996,2,1
1841054,1,2001,2,1
431224,1,2009,2,1
692983,1,1949,1,1
277705,1,1993,1,1
1937239,1,1963,1,1
138506,3,0000,0,0
1874523,1,1952,2,1
674227,1,1946,1,1
129520,1,1976,2,1
942542,1,1964,1,1
52658,1,1970,2,1
389590,1,1965,1,1
1321668,3,0000,0,0
127875,1,1965,2,1
977695,1,2006,2,1
753704,1,1949,2,1
953141,1,1973,2,1
588023,1,1935,2,1
1950295,1,2010,2,1
1898661,1,1988,1,1
767391,1,1955,2,1
741423,1,2001,1,1
873489,1,2006,2,1
634171,1,1979,1,1
829743,1,1977,2,1
1654928,1,2010,2,1
1013334,1,1999,2,1
97303,1,1944,1,1
1747463,1,2001,1,1
1309797,1,1971,2,1
908706,1,1982,2,1
912349,1,2003,2,1
340814,1,1936,1,1
321479,1,1976,2,1
943582,1,1997,2,1
1698436,1,1964,1,1
1063617,1,2001,1,1
780945,1,1993,2,1
683619,1,2010,2,1
138144,1,1991,1,1
1223988,1,1964,2,1
1556729,1,1974,2,1
643754,1,2004,1,1
1270067,1,1988,1,1
1137026,1,1966,1,1
1926037,1,1999,1,1
377370,1,2010,1,1
1451557,1,1970,1,1
1468444,1,1954,2,1
1043139,1,2000,2,1
1064210,1,1985,1,1
585522,1,1993,2,1
1671133,1,1958,1,1
484457,1,1935,1,1
527686,3,0000,0,0
479930,1,2010,1,1
1169622,1,1959,1,1
1539382,1,1952,2,1
1175524,1,1970,2,1
1862295,1,1986,1,1
1943630,1,1977,1,1
1141084,1,1951,1,1
1091977,1,1998,2,1
1939500,1,1956,1,1
714771,1,1958,1,1
46942,1,1979,1,1
497850,1,1961,2,1
1585314,1,1985,1,1
1724651,1,1989,1,1
1688970,1,1989,1,1
412906,1,2010,1,1
1826505,1,1964,2,1
1956500,1,1961,1,1
1445388,1,1996,1,1
1846014,3,0000,0,0
1151403,1,1968,2,1
1816478,3,0000,0,0
1788392,1,2010,2,1
1063020,1,2006,2,1
246746,1,1960,1,1
1356301,1,2002,2,1
1342012,1,1983,2,1
698997,1,1973,2,1
408002,1,2010,1,1
1082751,3,0000,0,0
1352267,1,2010,2,1
864072,1,1992,1,1
1009981,1,1975,1,1
1663653,1,1944,2,1
789892,1,1982,1,1
1088473,1,1986,1,1
298197,1,1979,1,1
94085,1,2010,2,1
1369658,1,1985,2,1
904334,1,1969,1,1
921811,1,1948,2,1
1077074,1,1991,1,1
490554,1,1958,2,1
1603669,1,2010,2,1
1914494,1,1972,2,1
1685878,1,2010,1,1
1385030,1,1940,1,1
1132535,1,1945,1,1
1566719,1,1974,1,1
1460610,1,1994,1,1
566942,1,2001,2,1
1911256,1,1979,1,1
739998,1,2010,1,1
282928,1,2010,2,1
289619,1,1992,1,1
1173369,1,1980,1,1
1227213,1,1981,1,1
1756017,1,1979,2,1
310926,1,1957,2,1
848677,1,1966,2,1
615773,1,1935,1,1
1631779,1,2005,2,1
378775,1,1949,1,1
1624814,1,1959,2,1
1930824,1,1935,2,1
1657109,1,1977,1,1
1889746,1,1978,2,1
306044,1,1966,1,1
1370013,1,1997,2,1
100924,1,1958,2,1
1713395,1,1988,1,1
534801,1,1950,2,1
901612,1,1965,1,1
1750675,1,1988,2,1
1362519,1,1956,1,1
129743,1,1986,1,1
905066,1,1955,2,1
1136943,1,1960,1,1
178609,1,1997,2,1
64511,1,1982,1,1
1344286,1,1999,2,1
77992,1,1984,1,1
1150760,1,2010,2,1
715711,1,1948,2,1
41268,1,2008,2,1
682386,3,0000,0,0
491333,1,1986,1,1
1465227,1,1988,1,1
844999,1,1971,1,1
1158979,1,2007,2,1
1181759,1,1978,1,1
1558453,1,1972,1,1
1814836,1,1963,2,1
835751,1,2002,1,1
426557,1,1968,1,1
923788,1,1977,1,1
1117425,1,1968,2,1
1704585,1,1991,1,1
700361,1,1983,1,1
761053,1,1997,1,1
131253,1,1940,2,1
694968,1,1976,2,1
551686,1,2010,2,1
1456254,1,1965,2,1
1249361,1,2010,1,1
1820257,1,1959,2,1
235421,1,1995,2,1
1444508,1,1951,1,1
524657,1,1944,2,1
1518889,1,1984,2,1
1691626,1,1967,2,1
1625056,1,1974,2,1
890824,1,1941,1,1
1759027,1,1981,2,1
330375,1,1945,1,1
87827,1,1935,2,1
159743,1,2010,2,1
864182,1,1943,2,1
1230294,1,2004,1,1
503033,1,1967,1,1
1473281,1,1998,2,1
1877865,1,1955,1,1
1045479,1,2010,2,1
1635304,1,2002,1,1
1545724,1,1976,2,1
980530,1,1969,2,1
965189,1,1942,1,1
1766665,1,1968,1,1
1887625,1,1979,1,1
1197254,1,1959,1,1
700594,1,2010,2,1
311280,1,2004,1,1
1614251,1,1953,2,1
1320935,1,1997,1,1
1354979,1,1971,2,1
1588463,1,1992,2,1
819030,1,1954,1,1
1282652,3,0000,0,0
352662,1,1972,1,1
204499,1,1977,1,1
325618,1,1975,1,1
307136,1,1980,2,1
1822023,1,1992,2,1
1850868,1,1988,1,1
715818,1,1969,1,1
452489,1,2010,1,1
370327,1,1942,2,1
1943799,1,1967,1,1
45078,1,1971,1,1
45684,1,1968,2,1
576962,1,1956,2,1
530446,1,1978,2,1
967902,1,1986,2,1
1642258,1,2010,2,1
1747607,1,2004,2,1
1571350,1,1965,1,1
1516508,1,1985,1,1
1101954,1,1980,2,1
1805930,1,1997,2,1
1589521,1,2010,2,1
946237,1,1993,1,1
1827058,1,1950,2,1
1539048,1,2000,2,1
588836,1,2000,2,1
1796209,1,1966,1,1
1044029,1,1956,2,1
198533,1,1950,1,1
1183390,1,1995,1,1
565741,1,1960,2,1
1435564,1,1964,2,1
293708,1,1993,2,1
1106290,1,1939,2,1
477495,1,2002,1,1
958656,1,1943,2,1
311348,1,1994,1,1
946261,1,1993,2,1
328205,1,1988,2,1
324113,1,2010,2,1
553307,1,1991,2,1
346255,1,1983,2,1
1516875,1,1987,2,1
211471,1,1969,2,1
1546772,1,1963,2,1
1914214,1,1992,1,1
926172,1,1948,1,1
290129,1,2010,1,1
755142,1,1971,2,1
1208619,1,1984,2,1
1877006,1,1954,2,1
91452,1,2007,1,1
81089,1,1975,2,1
850779,1,2009,1,1
1351529,1,1964,1,1
408199,1,1991,1,1
402888,1,1994,2,1
1243584,1,1955,2,1
1108576,1,1960,1,1
167893,1,2007,1,1
1211487,1,1946,2,1
1827769,1,1971,2,1
1593186,1,2007,1,1
286120,1,2010,2,1
534841,1,1956,1,1
1921740,1,2010,1,1
260945,1,1989,1,1
706883,1,1995,2,1
273868,1,2004,1,1
1210535,1,1962,2,1
1026798,1,1981,2,1
1434817,1,1968,2,1
685229,1,1994,1,1
56966,1,1978,1,1
1090912,1,2004,1,1
353494,1,1969,2,1
824599,1,1956,1,1
835903,1,1969,2,1
857339,1,2010,1,1
1287031,1,1992,2,1
11321,1,2006,1,1
848230,1,1999,2,1
31582,1,2008,2,1
1033302,1,1967,2,1
1393790,1,2010,1,1
398559,1,1962,1,1
875233,1,1945,1,1
1327076,1,1991,1,1
1549707,1,2000,1,1
988101,3,0000,0,0
1723590,1,1979,2,1
340102,1,1961,2,1
129062,1,1989,1,1
928928,1,1952,2,1
570275,1,1978,1,1
1044526,1,1964,1,1
187215,1,1986,1,1
619926,1,1975,2,1
895883,1,2010,2,1
213458,1,2010,1,1
1460155,1,1967,1,1
804431,1,1961,1,1
46059,1,1970,2,1
1761685,1,1959,2,1
1822737,1,1946,2,1
1704921,1,1942,2,1
873921,1,1977,1,1
1815085,1,1935,2,1
300578,1,1973,2,1
521807,1,1963,2,1
1535081,1,1988,2,1
502913,1,1947,1,1
1403745,1,2010,1,1
471942,1,1955,2,1
1359901,1,1988,2,1
1122026,1,1962,1,1
1785388,1,2010,1,1
1187425,1,1948,2,1
1023735,1,1990,2,1
32459,1,1972,1,1
182924,1,2010,2,1
588597,1,2004,2,1
1829415,1,1991,1,1
1389482,1,1953,1,1
731583,1,1997,1,1
1161863,1,1955,2,1
21720,1,1949,1,1
1885549,1,1955,2,1
1834067,1,1983,2,1
1721777,1,1948,1,1
1419526,1,1973,1,1
1069700,1,1960,1,1
1178295,1,1935,2,1
897642,1,1975,2,1
1387618,1,1935,2,1
1578839,1,1952,2,1
577980,1,1950,2,1
20639,1,1969,2,1
1584883,1,1939,1,1
1927410,1,1950,1,1
329779,1,1957,1,1
1848471,1,1992,1,1
1910279,1,1935,2,1
535750,1,1954,2,1
187744,1,2010,1,1
402811,1,1947,2,1
517276,1,2010,2,1
306675,1,1960,2,1
1334301,1,2010,2,1
1539072,1,2001,1,1
1561868,1,1952,1,1
502933,1,1992,2,1
620751,1,1950,2,1
1366073,1,2010,2,1
1557161,1,1952,2,1
1513195,1,1954,1,1
1805263,1,1961,2,1
184357,1,2010,2,1
1157037,1,1982,2,1
303414,1,2010,2,1
801526,1,1957,1,1
222229,1,1961,1,1
1261156,1,1946,1,1
1363629,1,1960,1,1
903280,1,2005,1,1
599537,1,1961,2,1
883665,1,1980,1,1
1278442,1,1967,2,1
671593,1,2000,2,1
1903328,1,1967,1,1
359813,1,2004,2,1
1720535,1,1935,2,1
914010,1,1968,1,1
520778,1,1940,1,1
43040,1,1993,2,1
1122850,3,0000,0,0
225519,1,2010,2,1
147640,1,1979,2,1
436768,1,1959,1,1
989616,1,2008,1,1
97691,1,1963,1,1
1028583,1,1995,1,1
780197,1,1978,2,1
1399858,1,1935,1,1
1185038,1,1943,2,1
144204,1,1965,1,1
1472808,1,1995,1,1
603213,1,1983,1,1
1088701,1,2010,1,1
150871,1,1974,2,1
637220,1,1985,1,1
487204,1,1982,1,1
325413,1,1963,2,1
338711,1,1998,1,1
1356072,1,2007,1,1
1521676,1,1983,2,1
1584705,1,1970,1,1
1127386,1,2009,2,1
556133,1,2003,1,1
1787172,1,1994,1,1
869217,1,2009,2,1
534827,1,1961,2,1
944696,1,1999,1,1
753200,1,1976,1,1
834289,1,1954,2,1
986512,1,1976,2,1
1594621,1,1966,2,1
123511,1,1991,1,1
577851,1,2008,1,1
654761,1,1971,1,1
231388,1,1970,2,1
168326,1,1951,1,1
870837,1,1984,2,1
675802,1,1954,2,1
442076,1,2010,2,1
776403,1,1976,2,1
1179257,1,1976,1,1
1270858,1,1968,1,1
1505418,1,1964,2,1
152885,1,2001,1,1
1205968,1,1949,2,1
396184,1,1992,1,1
1689203,1,2010,2,1
1179161,1,2010,2,1
536221,1,1975,2,1
1917203,1,2006,2,1
483277,1,1989,2,1
252337,1,1965,1,1
426720,1,1968,1,1
1155849,1,1964,2,1
723328,1,1964,2,1
1430331,1,1970,1,1
47626,1,1963,2,1
538126,1,1949,1,1
1177753,1,1961,1,1
708588,1,1997,2,1
1345434,1,1994,2,1
405714,1,2010,2,1
521856,1,1948,2,1
1126978,1,1993,1,1
1131213,1,1962,2,1
821615,1,2005,1,1
229384,1,1977,2,1
881131,1,1990,2,1
1602995,1,1988,2,1
1393734,1,1938,2,1
360930,1,1989,1,1
1048639,1,1959,2,1
1130856,1,1966,1,1
1424595,1,1962,2,1
329377,1,1956,1,1
1685086,1,2010,1,1
782137,1,1937,1,1
1756221,1,1937,1,1
1270154,1,2004,1,1
1254897,1,1974,2,1
1015110,1,1941,2,1
1669894,1,1997,2,1
349360,1,1999,1,1
153743,1,1999,2,1
831201,1,1997,1,1
600912,1,1986,2,1
1667261,1,2010,1,1
932042,1,2003,1,1
1027827,1,1979,1,1
1760650,1,1997,1,1
633222,1,1971,1,1
879133,1,1955,2,1
1203850,1,1958,1,1
1602206,1,1992,2,1
255794,1,1983,1,1
82360,1,1961,2,1
59898,1,1951,2,1
217076,1,1969,2,1
816248,1,1952,2,1
1133065,1,1954,2,1
1735468,1,1954,2,1
963023,1,1999,2,1
509305,1,1972,2,1
1799351,1,1962,1,1
1137701,1,1972,1,1
1028007,1,1994,1,1
588556,1,1968,2,1
534073,1,1993,2,1
251654,1,1935,1,1
1591590,1,2002,1,1
87322,1,1957,1,1
1924582,1,2010,2,1
215366,1,1938,1,1
244820,1,2005,1,1
630002,1,1964,2,1
289956,1,2001,1,1
248714,1,1951,2,1
113185,1,1971,1,1
1603913,1,1999,1,1
1139345,1,2010,2,1
1218806,1,1950,1,1
660094,1,2010,1,1
1099362,1,1955,1,1
518505,1,1994,2,1
1152791,1,1951,1,1
1231300,1,2010,1,1
1865595,1,1945,1,1
1036604,1,1988,2,1
311953,1,1966,2,1
1384247,1,2003,2,1
211016,1,1991,1,1
157799,1,2009,2,1
1031857,1,1955,1,1
1842360,1,1963,1,1
1053373,1,1961,2,1
903059,1,1969,1,1
1442547,1,1971,2,1
1689305,1,2010,2,1
1353067,1,1996,2,1
1526025,1,2010,1,1
1068770,1,1973,1,1
1663564,1,1951,2,1
1518786,1,1987,1,1
210309,1,2010,2,1
247894,1,2003,1,1
1848268,1,1954,2,1
460245,1,2003,2,1
518603,1,2000,1,1
56514,3,0000,0,0
669569,1,1939,2,1
1344759,1,1961,2,1
1739401,1,1978,1,1
478046,1,1953,2,1
1139476,1,1969,2,1
1908474,1,1952,2,1
133657,1,2010,1,1
1233712,1,2001,1,1
750117,1,1994,2,1
727245,1,1990,1,1
626064,1,1992,1,1
582695,1,1945,1,1
210268,1,1995,2,1
867404,1,1935,2,1
674887,1,1999,1,1
139859,3,0000,0,0
1452038,1,2001,2,1
163707,1,2010,1,1
994778,1,1990,1,1
327674,1,1997,1,1
1732754,1,1982,2,1
1898426,1,1938,1,1
1385436,1,1982,2,1
215475,1,2010,1,1
180446,1,2010,2,1
465422,1,1990,1,1
226958,1,1995,1,1
315756,1,1990,2,1
1081766,1,2010,2,1
1542777,1,2010,1,1
1511406,1,1969,2,1
829563,1,1970,1,1
1400543,1,2000,1,1
1613375,1,1996,2,1
803983,1,2010,1,1
321744,1,1988,1,1
1313323,1,1945,1,1
741189,1,1971,1,1
1154518,1,2006,1,1
1654458,1,1979,1,1
1890184,1,1997,1,1
1665168,1,1968,1,1
1576466,1,1985,2,1
1781238,1,1945,1,1
155949,1,1971,2,1
49495,1,1988,1,1
70409,1,1979,1,1
169649,1,1995,1,1
1703811,1,1941,1,1
520912,1,1955,2,1
432432,1,2010,1,1
757277,1,1984,1,1
1828157,1,1962,2,1
1300853,1,1947,1,1
1599036,1,1993,2,1
1600846,1,1935,1,1
1582054,1,1960,2,1
1829689,1,1935,2,1
1576899,1,1993,2,1
847619,1,1980,2,1
1057941,1,2010,1,1
791576,1,1986,2,1
1511471,1,1978,2,1
12000,1,1936,2,1
1601354,1,1958,2,1
1861868,1,1975,1,1
311430,1,1981,1,1
253737,1,1965,1,1
515645,1,1974,1,1
909629,1,1983,1,1
393017,1,2010,2,1
718427,1,2007,2,1
1588275,1,1966,1,1
33659,1,2003,2,1
1877315,1,1938,1,1
866549,1,1939,2,1
1111889,1,1975,1,1
63380,1,1991,1,1
915620,1,1964,2,1
1402895,1,1981,1,1
1655208,1,1964,1,1
1266316,1,1957,2,1
1775258,1,2010,2,1
1192444,1,1981,1,1
231563,1,1991,1,1
890200,1,1950,1,1
1382920,1,1977,2,1
211439,1,1964,2,1
784870,1,1961,2,1
1599025,1,1998,1,1
1151491,1,1982,1,1
1165971,1,1992,2,1
167760,1,1987,2,1
1733509,1,1963,2,1
1741984,1,1989,1,1
1273381,1,1955,1,1
1247028,1,2010,1,1
1791497,1,1990,1,1
534983,1,1994,2,1
1063511,1,1954,2,1
361181,1,1966,2,1
1927916,1,1980,1,1
870070,1,1958,2,1
1733244,1,2010,1,1
1917596,1,2002,1,1
287752,1,2010,2,1
1003032,1,1976,1,1
1465148,1,1999,1,1
214754,1,1967,1,1
1047279,1,1969,1,1
1528832,1,1950,2,1
1009713,1,2010,1,1
700877,1,1971,2,1
1743143,1,1948,1,1
1218536,1,2008,1,1
108250,1,1960,1,1
302004,1,1977,1,1
1811770,1,1993,1,1
1335639,1,1947,2,1
1925184,1,1977,1,1
65511,1,1953,1,1
429887,1,2010,2,1
1654551,1,1969,1,1
1464755,1,1990,2,1
674435,1,1982,1,1
939135,1,2003,1,1
1271848,1,1987,1,1
55995,1,1957,2,1
1221716,1,1939,1,1
678955,3,0000,0,0
800,1,1962,2,1
768764,1,1991,1,1
1524083,1,2010,1,1
864074,1,1952,2,1
458799,1,1988,1,1
1692423,1,1986,2,1
1779407,1,1996,2,1
1268485,1,1978,1,1
1790000,1,1953,2,1
1295279,1,1971,2,1
1426519,1,1948,1,1
1270013,1,1984,2,1
951482,1,2003,1,1
1495757,1,1995,2,1
1089351,1,2008,2,1
1059787,1,1953,1,1
429901,1,1995,1,1
707712,1,1950,2,1
1647113,1,1976,1,1
1924756,1,1981,2,1
468373,1,2002,1,1
815498,1,1935,1,1
1432089,1,1976,2,1
1166749,1,1971,1,1
1578616,1,2003,2,1
1786853,1,1964,1,1
1423395,1,1991,1,1
46415,1,2005,1,1
1606485,1,1943,2,1
1658616,1,1937,1,1
708310,1,2010,2,1
362405,1,1994,1,1
1337600,1,1953,1,1
1164444,1,1948,2,1
1547864,1,2010,1,1
1902139,1,1937,1,1
334986,1,1983,1,1
1678072,1,1995,2,1
1767782,1,1990,2,1
1443376,1,2000,2,1
965112,1,1971,2,1
42281,1,1980,1,1
1609154,1,1972,2,1
272580,1,1968,2,1
1297082,1,1985,1,1
160184,1,1962,1,1
361882,1,1984,1,1
1925093,1,2010,1,1
1059884,1,1989,1,1
747113,1,1999,2,1
278279,1,1947,2,1
413995,1,1995,1,1
1632317,1,1966,1,1
723203,1,2010,2,1
463649,1,2003,2,1
244932,1,2000,1,1
1461733,1,1964,1,1
389712,1,1971,1,1
264256,1,1947,2,1
1156743,1,1991,2,1
1172684,1,1979,2,1
1640648,1,2010,1,1
1777868,1,1936,2,1
442125,1,1991,1,1
1337533,1,1984,1,1
1905659,1,1989,1,1
1559276,1,1958,2,1
89380,1,1986,1,1
1187337,1,1984,1,1
1184302,1,1979,2,1
1304890,1,2010,2,1
885659,1,1995,2,1
1093294,1,1973,2,1
908682,1,1949,1,1
1032539,1,1948,1,1
1107244,1,1986,1,1
1068170,1,1950,1,1
112697,1,1960,2,1
1418278,1,1964,1,1
1800444,1,1974,2,1
1406028,1,1967,2,1
882514,1,1999,1,1
459918,1,1951,1,1
1115842,1,1974,1,1
1461154,3,0000,0,0
1531485,1,1971,1,1
1654442,1,1962,2,1
42666,1,1988,2,1
645045,1,2004,2,1
1068492,1,1996,1,1
448961,1,1981,2,1
479893,1,1984,2,1
1083759,1,1967,1,1
539023,1,1996,2,1
549980,1,1952,1,1
1905181,1,1972,2,1
775501,1,1997,2,1
1119030,1,1982,2,1
180642,1,1965,2,1
962582,1,1943,1,1
422977,1,1971,1,1
453995,1,2007,2,1
761156,1,1973,2,1
1650593,3,0000,0,0
1680918,1,1935,2,1
1777776,1,1975,1,1
1449855,1,1957,2,1
419534,1,1986,1,1
203669,1,1966,1,1
1134000,1,1999,1,1
858265,1,2010,1,1
1290415,1,1952,2,1
513093,1,1984,1,1
933348,1,2010,1,1
1140849,1,1968,1,1
761497,1,1980,2,1
982286,1,1950,2,1
621752,1,2008,1,1
1619248,1,1935,2,1
1133879,1,1980,1,1
10271,1,1984,1,1
619659,1,1970,1,1
1042003,3,0000,0,0
379717,1,1992,2,1
109065,1,2002,1,1
1943599,1,1980,1,1
1836746,1,2000,2,1
1434702,1,2010,1,1
954671,1,1938,2,1
1583407,1,1967,2,1
1128727,1,1998,1,1
831130,1,1976,1,1
978036,1,1937,1,1
515815,1,1935,2,1
1334047,1,1957,2,1
28590,1,1948,1,1
1886179,1,2009,2,1
739202,1,1949,2,1
1885781,1,1962,1,1
1170892,1,2002,2,1
1829420,1,1980,1,1
203644,1,1992,1,1
1337550,1,1940,2,1
1194407,1,2004,2,1
639642,1,1968,1,1
1303102,1,2006,1,1
206296,1,1976,1,1
1002911,1,1999,2,1
1611695,1,2009,1,1
1447845,1,2000,1,1
1639676,1,1988,2,1
720451,1,2005,2,1
1216286,1,1956,2,1
578197,1,1995,1,1
1096462,1,2010,1,1
1357271,1,1939,2,1
1648067,1,1953,1,1
617921,1,1966,2,1
1398055,1,1935,1,1
552495,1,1985,1,1
968019,1,1977,1,1
825465,1,1996,2,1
820249,1,1990,1,1
703679,1,1955,1,1
871434,1,1978,2,1
1381334,1,1963,2,1
1910939,1,1999,1,1
1555907,1,1973,1,1
1067990,1,2010,2,1
536602,1,1958,2,1
1676114,1,1977,1,1
97499,1,2010,1,1
531286,1,2007,2,1
883464,1,1997,1,1
1452756,1,1968,1,1
1308155,1,2010,2,1
702332,1,1979,1,1
1560889,1,1995,1,1
1749197,3,0000,0,0
1951705,1,1998,2,1
366162,1,1975,1,1
1701857,3,0000,0,0
773591,1,1996,2,1
1188496,1,2008,1,1
503315,1,2003,1,1
796270,1,2004,2,1
1348284,1,2007,1,1
229038,1,1975,2,1
520558,1,1991,2,1
472919,1,1973,2,1
756008,1,2006,2,1
1824452,1,1984,2,1
177540,1,2010,1,1
1629684,1,2010,2,1
1277348,1,1967,1,1
1854468,1,1935,2,1
1772337,1,1990,1,1
1175155,1,1964,1,1
350066,1,1976,1,1
252410,1,1957,2,1
202963,1,1981,1,1
92010,1,1968,2,1
1155673,1,1971,2,1
1755329,1,1996,1,1
1666367,1,1960,1,1
1736116,1,1943,1,1
1805254,1,1986,1,1
1159056,1,1935,2,1
1857243,1,1944,1,1
252221,1,2000,2,1
980300,1,1966,2,1
1740395,1,1984,2,1
312637,1,1939,2,1
1544146,1,1955,1,1
1696238,1,2004,1,1
332725,1,1979,1,1
899849,1,1958,1,1
1092130,1,2000,1,1
1429139,1,1935,1,1
504207,1,2010,2,1
1652610,1,1983,1,1
561717,1,1972,2,1
1713264,1,1945,1,1
1760105,1,1944,2,1
720252,1,1987,1,1
193724,1,1947,1,1
520979,1,1991,2,1
307362,1,1992,1,1
449962,1,2010,2,1
960676,1,1943,1,1
418678,1,1969,1,1
1710137,1,2010,1,1
1123249,1,2010,1,1
1515854,3,0000,0,0
552823,1,1976,1,1
1147613,1,2007,2,1
377921,1,1945,2,1
1238512,1,1956,1,1
29988,1,2005,1,1
1249660,1,2010,2,1
1480852,1,1956,1,1
509412,3,0000,0,0
179516,1,1974,1,1
912434,1,2009,1,1
1189671,1,1989,2,1
1561439,1,2008,1,1
1166206,1,1975,2,1
1228839,1,2006,1,1
696857,1,1970,1,1
640336,1,1935,1,1
1710670,1,1999,1,1
843171,1,1987,1,1
1693318,1,1965,2,1
409901,1,1935,1,1
1899810,1,1961,1,1
431932,1,2010,1,1
1274038,1,1965,1,1
400755,1,2010,1,1
479019,1,1964,2,1
527989,1,1956,1,1
741197,1,1998,1,1
886754,1,1953,2,1
18313,1,2000,1,1
23301,1,1956,2,1
1314330,1,1994,1,1
533294,1,1965,2,1
992478,1,1967,2,1
68870,1,1951,2,1
503318,1,1946,2,1
692630,1,2010,1,1
1145488,1,1951,1,1
1492739,1,1989,1,1
844625,1,1969,1,1
1918550,3,0000,0,0
941380,1,2004,2,1
143449,1,1942,1,1
1649868,1,1954,1,1
764206,1,1998,1,1
1050811,1,2010,2,1
1158911,1,1935,2,1
544807,1,2010,2,1
1515150,1,1992,2,1
788026,1,1943,1,1
1643027,1,1980,2,1
203347,1,1993,1,1
1854684,1,1950,1,1
339552,1,1996,2,1
1631671,1,1991,1,1
795222,1,1992,2,1
1422268,1,1963,2,1
1165207,1,2010,1,1
696312,1,1984,1,1
1507345,1,1953,2,1
215959,1,1973,1,1
1297167,1,1941,1,1
631895,1,1989,2,1
126573,1,1963,2,1
1744842,1,2010,1,1
1818185,1,1967,2,1
1834778,1,2010,2,1
611431,1,1946,1,1
1063102,1,1967,2,1
680989,1,1989,2,1
1177416,1,1976,1,1
1213437,1,1944,1,1
515059,1,1976,2,1
232938,1,2010,2,1
70442,1,1947,2,1
60503,1,1975,1,1
263428,1,2010,2,1
1198148,1,1967,2,1
1864152,1,2010,2,1
327727,1,1968,1,1
810399,1,1957,1,1
1135132,1,1991,2,1
279557,1,1959,2,1
1409926,1,1956,1,1
789526,1,1959,1,1
1772095,1,1961,2,1
1108520,1,2003,1,1
850845,1,1962,2,1
62391,1,1988,2,1
1685289,1,1995,2,1
1241579,1,1979,2,1
1837324,1,1973,2,1
902015,1,2001,1,1
545464,1,1972,2,1
1699267,1,2010,2,1
1456978,1,1959,1,1
1423922,1,1940,2,1
1364258,1,2008,1,1
433575,1,1959,1,1
1394061,1,1965,2,1
26658,1,2006,2,1
45763,1,2007,1,1
5796,1,2001,2,1
1591172,1,2008,2,1
1803052,1,1987,2,1
786644,1,1952,1,1
1669274,3,0000,0,0
1556563,1,1964,1,1
404040,1,1962,2,1
1626487,1,2010,1,1
1900223,1,1963,1,1
1232803,3,0000,0,0
356641,1,1935,2,1
3962,1,1982,2,1
869916,1,2000,1,1
1424400,1,1952,2,1
1314117,1,2010,1,1
75011,1,2001,2,1
8974,1,1974,1,1
803301,1,1954,2,1
1115319,1,1958,1,1
1337639,1,1994,2,1
185588,1,1991,1,1
53755,1,1961,1,1
660017,1,1979,1,1
1381430,1,1946,1,1
1234695,1,2010,1,1
981003,1,1972,1,1
1418329,1,1942,1,1
1033660,1,1989,1,1
1570791,1,1980,1,1
223797,1,1946,2,1
1388058,1,1965,2,1
1156076,1,1958,1,1
836678,1,1976,2,1
1787608,1,1958,1,1
859259,1,1970,1,1
1143321,1,1980,2,1
548766,1,1972,1,1
613622,1,1949,1,1
4549,1,1965,1,1
1613268,1,2004,1,1
56488,1,1965,2,1
1021697,1,1998,2,1
524624,1,1959,1,1
958782,1,1942,1,1
251455,1,1986,2,1
1720448,1,1962,2,1
260975,1,1949,2,1
1343548,1,1959,1,1
456956,1,1992,1,1
1818770,1,2007,1,1
253278,1,2010,1,1
762749,1,1973,2,1
628844,1,1988,1,1
1371441,1,1960,2,1
1223362,1,1951,1,1
1838059,3,0000,0,0
32127,1,2010,2,1
1562898,1,1953,1,1
243861,1,1980,2,1
1734611,1,2008,1,1
1816432,1,1975,1,1
931327,1,1997,1,1
993876,1,1946,1,1
1833896,1,2007,1,1
135973,1,1987,2,1
1214168,1,2006,1,1
1724100,1,1976,1,1
1832382,1,1963,1,1
777182,1,1976,1,1
1041664,1,1958,1,1
1853721,1,1939,2,1
1254991,1,1980,1,1
1830968,1,1991,1,1
1261972,1,1945,2,1
1784627,1,2000,1,1
880310,1,1948,2,1
1202144,1,1956,2,1
1740325,1,1999,2,1
757681,1,1992,1,1
798910,1,1988,1,1
622840,1,1989,1,1
1761674,1,1941,1,1
824891,3,0000,0,0
532397,1,1960,2,1
1043653,1,1955,2,1
1626832,1,2000,1,1
1208097,1,2010,1,1
745816,1,1979,2,1
551054,1,1954,1,1
1171182,1,1988,2,1
984254,1,1943,2,1
1181809,1,2010,2,1
1037447,1,1988,1,1
1920419,1,1968,1,1
235892,1,2004,1,1
1303380,1,1978,2,1
732217,1,2010,2,1
1602741,1,2005,1,1
213691,1,2010,2,1
1260044,1,2010,2,1
636346,1,1960,2,1
177051,1,1971,1,1
783222,1,1948,2,1
1077227,1,1991,2,1
1123773,1,2001,2,1
1230248,1,1935,2,1
1147309,1,2001,2,1
419018,1,1966,2,1
637112,1,1947,1,1
1198879,1,1935,1,1
1528161,1,2003,2,1
1147623,1,1959,1,1
1658308,1,1948,2,1
1023171,1,1993,2,1
477803,1,1963,1,1
938976,1,2001,2,1
980441,1,1983,1,1
1726560,1,1970,2,1
1408712,1,1939,2,1
1343891,1,2008,2,1
1761921,1,1995,2,1
1762386,1,1968,1,1
76422,1,1978,2,1
322769,1,1959,1,1
220073,1,1967,2,1
153450,1,1999,1,1
1145318,1,1976,2,1
148358,1,2010,1,1
767222,1,1995,2,1
388163,1,1994,2,1
1788366,1,1988,1,1
1465245,1,1965,2,1
1105116,1,1970,1,1
551793,1,1960,1,1
1133564,1,1954,2,1
1774984,1,1954,1,1
446061,1,1983,2,1
1647077,1,1935,1,1
374727,1,1959,2,1
86280,1,1979,1,1
824738,1,1991,2,1
1172183,1,2001,1,1
119449,1,1948,2,1
579739,1,2010,2,1
1060767,1,1959,2,1
1297711,1,1939,1,1
838738,1,2010,2,1
457850,1,2010,2,1
1289060,1,1985,1,1
1314347,1,1968,1,1
128060,1,1986,1,1
1180402,1,1940,1,1
1071782,1,1990,2,1
941693,1,1990,2,1
657645,1,1952,1,1
167959,1,2008,2,1
813476,1,1954,2,1
379608,1,2010,2,1
383738,1,2005,1,1
1498562,1,1949,1,1
1822067,1,1979,1,1
1741436,1,1984,2,1
1780652,1,1959,2,1
481125,1,1969,2,1
1903513,1,1987,1,1
142043,1,1985,2,1
855483,1,1990,2,1
1428849,1,2003,1,1
317632,1,1952,1,1
1217455,1,1996,1,1
743717,1,1960,1,1
1117105,1,1986,2,1
118408,1,2009,1,1
1535079,1,1963,2,1
1574026,1,1997,1,1
1228076,1,1952,1,1
1623146,1,1997,1,1
1545863,1,2009,2,1
1703827,1,1997,2,1
319981,1,1971,2,1
777171,1,1966,1,1
1407843,1,1974,2,1
581783,1,1936,1,1
165989,1,2001,2,1
99521,1,1976,1,1
1769197,1,2010,1,1
1949618,1,2004,2,1
359183,1,2002,2,1
1233344,1,1986,2,1
1235919,1,1970,2,1
12435,1,1997,1,1
892315,1,1995,2,1
651785,1,1995,1,1
991290,1,2010,1,1
6354,1,1946,2,1
1036128,1,1968,1,1
1280160,1,1995,2,1
413042,1,1999,2,1
1819166,1,2010,1,1
1013721,1,1995,2,1
1270817,1,2010,2,1
1536163,1,1956,1,1
737057,1,1954,1,1
1076969,1,2002,2,1
1551520,1,1970,2,1
1147179,1,1996,1,1
1303455,1,1988,2,1
1502009,1,1992,1,1
1831347,1,1959,1,1
1806514,1,1970,2,1
871867,1,1986,2,1
1069399,1,1972,2,1
53259,1,1984,2,1
1010476,1,1941,2,1
281732,1,1964,1,1
31966,1,1985,1,1
1735939,1,1991,1,1
1537648,1,1948,1,1
306940,1,1990,1,1
521858,3,0000,0,0
773309,1,1992,1,1
1455668,1,1992,1,1
265360,1,1980,1,1
31818,1,1962,2,1
474706,1,2002,2,1
1943212,1,1993,2,1
353410,1,1987,2,1
412662,1,1982,2,1
1290121,1,2010,2,1
1545669,1,2001,2,1
1401491,1,1968,1,1
170562,1,1965,2,1
1095770,1,1984,1,1
1131512,1,2010,2,1
477400,1,1971,1,1
405883,1,2010,2,1
458967,1,1953,1,1
332717,1,1967,1,1
443241,1,1940,2,1
920880,1,1996,1,1
442328,1,1977,2,1
466969,1,1979,1,1
465461,1,1991,2,1
44985,1,1991,2,1
327210,1,1983,1,1
1410533,1,1959,1,1
225638,1,1970,2,1
1644402,1,1965,2,1
1795331,1,2010,1,1
1360652,1,1981,1,1
723323,1,2004,1,1
757641,1,1958,1,1
910334,1,1957,2,1
1308359,1,1971,1,1
1516640,1,2009,2,1
1547707,1,1974,1,1
1674571,1,1980,1,1
867024,1,1985,2,1
406189,1,1976,2,1
1662306,1,1982,2,1
475949,1,1936,1,1
665938,1,1998,2,1
23492,1,1973,2,1
1188334,1,1958,2,1
1933816,1,1951,1,1
1074192,1,2003,1,1
167677,1,1977,1,1
1399260,1,2000,2,1
1689389,1,2004,2,1
1651590,1,2009,1,1
840846,1,1960,1,1
930738,1,1950,1,1
1343824,1,1973,1,1
410872,1,1968,1,1
226228,1,1978,1,1
25879,1,1996,1,1
289925,1,1981,1,1
1029952,1,1952,2,1
881942,1,1999,2,1
1298420,1,1999,1,1
1241244,1,1961,1,1
1821879,1,1946,2,1
487450,1,1942,1,1
593747,1,1978,1,1
1211528,3,0000,0,0
944332,1,1969,1,1
351761,1,1942,2,1
1570740,1,2008,2,1
417561,1,2010,2,1
874598,1,2010,2,1
311134,1,1986,1,1
891441,1,1977,2,1
1714024,1,1953,2,1
482191,1,1982,1,1
1238976,1,1950,1,1
1798596,1,1985,1,1
510343,1,1993,1,1
1074927,1,1946,2,1
1133779,1,1983,2,1
1216691,1,2009,2,1
300373,1,1962,1,1
967882,1,1965,1,1
1753125,1,1973,2,1
704436,1,1960,1,1
290112,1,2000,1,1
1852898,1,1967,2,1
1822143,1,2009,1,1
25131,1,1982,1,1
1091233,1,1945,1,1
603,1,1960,1,1
616158,1,2003,1,1
1023006,1,2010,1,1
449110,1,1970,1,1
1209016,1,2001,1,1
671745,1,1951,1,1
625347,1,2003,2,1
438741,1,1993,1,1
1206131,1,1994,1,1
1075172,1,1997,2,1
880686,1,1996,1,1
176793,1,1986,2,1
1744804,1,1942,1,1
114260,1,1995,2,1
1571526,1,1937,2,1
767787,1,1992,2,1
600192,1,1969,1,1
1790001,1,1961,1,1
30000,1,1972,2,1
745768,1,1956,2,1
331943,1,1992,1,1
1537537,1,1986,1,1
1300052,1,1987,2,1
634817,1,2004,2,1
717987,1,1948,2,1
1397039,1,2002,1,1
1033649,1,1972,2,1
605021,1,1969,2,1
988482,1,1960,2,1
907222,1,1943,1,1
1234733,1,2002,1,1
875598,3,0000,0,0
1336683,1,1988,2,1
410713,1,1975,1,1
561491,3,0000,0,0
1329765,1,2010,1,1
1305985,1,1943,2,1
148928,1,1992,2,1
1747584,1,1973,1,1
1948154,1,1980,2,1
873952,1,2010,1,1
134630,1,1987,1,1
576066,1,1992,2,1
1514299,1,1976,2,1
139209,1,1961,2,1
1596494,1,1946,2,1
471834,1,2001,1,1
1369717,1,1975,2,1
1907833,1,1966,1,1
1447281,1,2003,2,1
1238090,1,1952,1,1
725962,1,1992,1,1
696589,1,1986,1,1
1310918,1,1993,1,1
1225850,1,1998,2,1
1030798,1,1987,1,1
1659167,1,1956,2,1
1527313,1,1995,1,1
736301,1,1983,1,1
1014825,1,1945,2,1
1926678,1,1965,1,1
1271335,1,1973,1,1
447048,1,1936,1,1
1791417,1,2010,1,1
421465,1,1988,1,1
1105874,1,1987,2,1
848245,1,1996,2,1
1654832,1,1951,2,1
1747028,1,1956,1,1
346436,1,1972,2,1
54491,1,1965,1,1
1858802,1,2010,1,1
1895450,1,1974,2,1
1213194,1,1982,1,1
1443956,1,1997,1,1
398829,1,1941,1,1
1661704,1,1955,1,1
1770235,1,1955,2,1
981087,1,1946,1,1
962162,1,1955,1,1
369969,1,1943,1,1
1020118,1,1990,2,1
312518,1,1968,1,1
588999,1,1994,2,1
1582604,1,1936,1,1
417664,1,1999,2,1
1036259,1,1976,1,1
1861448,1,1993,1,1
406925,1,1973,2,1
547578,1,1963,1,1
1756244,1,1964,2,1
1934104,1,1961,1,1
1546891,1,1983,2,1
1890873,1,1998,2,1
782220,1,1988,2,1
866797,1,2010,1,1
481700,1,1985,2,1
1420092,1,1982,2,1
1551706,1,1935,1,1
1871249,1,1997,1,1
1577123,1,1976,2,1
251329,1,1994,2,1
1533484,1,1942,1,1
1708846,1,2006,1,1
1599456,1,1973,2,1
348750,1,1938,2,1
524331,1,2007,1,1
1660610,1,2001,2,1
1656281,3,0000,0,0
114453,3,0000,0,0
822344,1,1967,2,1
1587246,1,1977,1,1
757222,1,1949,2,1
132218,1,1954,2,1
209748,1,1976,2,1
142066,1,2003,2,1
787912,1,1989,1,1
1438900,1,1938,1,1
1944431,1,1960,1,1
580163,1,2009,1,1
729683,1,1951,1,1
1704058,1,1970,2,1
1305980,1,2010,1,1
872211,1,1972,1,1
403174,1,1993,1,1
1870890,1,1969,2,1
704525,1,1943,1,1
1259241,1,1940,2,1
1721113,1,1997,2,1
1538453,1,2010,2,1
1018019,1,1981,1,1
168764,1,1959,2,1
672461,1,1958,2,1
1613560,1,1998,2,1
665011,1,1996,1,1
1304823,1,2005,2,1
635707,1,1951,1,1
17325,1,1985,1,1
1055208,1,1947,1,1
1212501,1,1999,2,1
747537,1,1983,2,1
1953267,1,2010,2,1
834978,1,1936,2,1
1111424,1,1949,2,1
1548282,1,1989,2,1
1566619,1,1976,1,1
1045431,1,1987,2,1
1585707,1,1990,1,1
1789705,1,1998,2,1
723473,1,1951,2,1
1366723,1,1988,1,1
1136373,1,1963,1,1
959584,1,1975,1,1
704336,1,1992,1,1
532120,1,1957,2,1
1036457,1,1956,2,1
486428,1,1981,1,1
398051,1,2002,2,1
1132544,1,2006,2,1
561587,1,1941,1,1
683548,1,1990,2,1
749285,1,1973,2,1
1710398,1,1979,2,1
1105965,1,1940,1,1
609813,1,1938,2,1
166559,3,0000,0,0
237072,1,1983,1,1
260065,1,1979,1,1
515522,1,1970,2,1
509081,1,1969,1,1
1011859,1,2001,1,1
1586042,1,2003,1,1
537848,1,2010,1,1
1768166,1,1991,2,1
1418977,1,1995,1,1
1151782,1,1949,1,1
85902,1,1940,1,1
590126,1,1993,1,1
1288198,1,1949,1,1
1173779,1,1967,1,1
1734052,1,2008,2,1
1778210,1,2004,1,1
1120202,1,1957,1,1
378034,1,2006,1,1
269562,1,1975,1,1
1598090,1,1955,2,1
754702,1,1950,1,1
1573098,1,1965,2,1
1922493,1,1958,2,1
674306,1,1944,1,1
1467887,1,1987,2,1
1957319,1,1974,2,1
30166,1,1995,2,1
646124,1,1952,1,1
1901199,1,1961,2,1
1671453,1,2005,2,1
1011062,1,1971,1,1
1826664,1,1960,2,1
172116,1,1995,1,1
705752,1,1996,2,1
1411659,1,1990,1,1
284005,1,1997,2,1
822283,1,2008,2,1
1104666,1,2007,1,1
1266237,1,1973,1,1
550133,1,1961,1,1
195202,1,1974,2,1
1384138,1,1990,1,1
1025045,1,1998,1,1
1771498,1,1954,2,1
1013720,1,1964,1,1
1927885,1,2010,1,1
836671,1,1990,2,1
1883851,1,2008,1,1
1722536,1,1945,2,1
117929,1,1999,2,1
1477053,1,2010,1,1
1490364,1,1963,2,1
1378463,1,1977,1,1
1469309,1,1956,2,1
23221,1,2010,2,1
1871900,1,1982,2,1
1433066,1,2004,1,1
304729,1,1961,1,1
129283,1,1967,2,1
654607,1,1966,2,1
479986,1,1957,1,1
14041,1,1971,1,1
1186082,1,1994,2,1
1247726,1,1960,2,1
251330,1,1986,1,1
1507857,1,1948,2,1
1247367,1,1960,2,1
1417925,1,1949,1,1
1741608,1,1941,2,1
767542,1,1984,2,1
1147998,1,1984,1,1
211282,1,1971,2,1
1331650,1,2002,1,1
166592,1,1964,1,1
289187,1,1978,1,1
181361,1,1983,2,1
1809262,1,2002,2,1
1571929,1,1990,1,1
1178795,1,1968,2,1
1344616,1,1986,1,1
140019,1,1943,1,1
490036,1,1996,1,1
655176,1,1950,1,1
632463,1,1947,2,1
1804248,1,1956,1,1
1494342,1,2001,2,1
628099,1,1958,2,1
641553,1,1985,1,1
1344720,1,1958,1,1
1660697,1,1970,1,1
1201019,1,1949,2,1
645128,1,1940,2,1
423395,1,1937,2,1
491956,1,1959,2,1
1491588,1,1935,2,1
1170224,1,1964,1,1
409447,1,1992,1,1
122320,1,2005,1,1
942642,1,1963,2,1
18563,1,1988,1,1
1567550,1,1991,1,1
732993,1,1987,2,1
270105,1,1986,1,1
20017,1,1963,2,1
1350283,1,2010,1,1
1294229,1,1990,2,1
465228,1,1989,2,1
1486879,1,1956,2,1
957655,1,1995,1,1
1124094,1,1952,2,1
151240,1,1997,2,1
1832309,1,1999,2,1
184612,1,1962,1,1
964093,1,1989,2,1
1118208,1,2010,2,1
41175,1,1971,1,1
878995,1,2010,1,1
398480,1,1968,2,1
1722022,1,2006,2,1
1100785,1,1993,1,1
497978,1,2010,1,1
1686019,1,2010,1,1
1686028,1,1967,1,1
146161,1,1980,1,1
312175,1,1963,1,1
1160090,1,2006,2,1
775719,1,1998,1,1
1079949,1,1964,1,1
1604276,1,2010,2,1
1575564,1,1984,2,1
1796147,1,1965,2,1
541503,3,0000,0,0
1531105,1,1990,1,1
1650518,1,1973,2,1
1189283,1,1962,1,1
638599,1,1947,1,1
1693076,1,1945,2,1
744075,1,1999,1,1
606420,1,1945,1,1
1262254,1,1987,1,1
979955,1,1948,1,1
963677,1,1998,2,1
331233,1,2010,1,1
651083,1,1975,2,1
634688,1,2002,2,1
1063996,1,1959,2,1
741228,1,1986,2,1
1371561,1,2010,2,1
1809322,1,1951,2,1
675820,1,1970,2,1
1652231,1,1936,1,1
123924,1,1966,2,1
1650023,1,1990,2,1
414661,1,1954,2,1
290583,1,1961,1,1
1959358,1,1951,1,1
1327047,1,2006,2,1
1315610,1,1991,1,1
352742,1,2010,1,1
1327646,1,1984,2,1
1857757,1,1957,1,1
837199,1,1973,1,1
1189073,1,1938,1,1
281803,1,1968,2,1
1290279,1,2010,1,1
1444027,1,1957,1,1
1377338,1,1958,1,1
564787,1,1968,2,1
976782,1,1952,1,1
185657,1,1961,1,1
285382,1,2010,1,1
1473488,1,1948,1,1
980009,1,2003,1,1
1370303,1,2010,1,1
1823934,1,1954,1,1
1439442,1,1975,2,1
543599,1,1960,2,1
476945,1,1976,2,1
317019,1,1983,2,1
1145660,1,1987,1,1
420618,1,1991,1,1
1295604,1,1968,2,1
552364,1,1982,2,1
32383,1,1993,1,1
1205783,1,1970,2,1
291464,1,1994,2,1
182454,1,1991,1,1
547467,1,1951,1,1
1533294,1,1950,2,1
534712,1,2010,1,1
1757141,1,1972,1,1
326171,1,2007,1,1
1133127,1,1938,2,1
1881980,1,1966,1,1
15136,1,1999,1,1
1475660,1,1984,1,1
1405093,1,1958,1,1
1386982,1,1978,1,1
938890,1,1987,1,1
900886,1,2002,2,1
1308346,1,2006,1,1
562019,1,1971,2,1
1558648,1,1981,2,1
1611152,1,1995,2,1
334088,1,1980,1,1
1763875,1,1985,2,1
1395507,1,1992,1,1
1760796,1,1999,2,1
1517254,1,1947,1,1
1351168,1,2007,2,1
960915,1,1989,1,1
1600636,1,1998,2,1
1674667,1,1957,2,1
1746679,1,2010,1,1
1221621,1,2008,2,1
528045,1,1991,1,1
265824,1,1964,1,1
35591,1,2010,2,1
1124061,1,2010,2,1
543888,1,1995,2,1
1139652,1,1967,2,1
1624179,1,2010,1,1
526665,1,2001,2,1
767030,1,1935,2,1
191188,1,1953,1,1
166807,1,2004,2,1
311120,1,1942,2,1
107908,1,1983,1,1
826455,1,1969,2,1
177093,1,1977,1,1
1852705,1,1937,2,1
702122,1,1978,1,1
1026062,1,2000,2,1
1767317,3,0000,0,0
1202472,3,0000,0,0
539021,1,1980,2,1
301751,1,1954,1,1
1139956,1,1959,1,1
523121,3,0000,0,0
1801319,1,2008,2,1
928778,1,1948,2,1
1399406,1,1985,1,1
639713,1,1970,1,1
408972,1,2010,2,1
1890736,1,1966,2,1
1681087,1,1954,1,1
377312,1,1961,2,1
604528,1,1947,2,1
99854,1,1966,1,1
1530908,1,1952,1,1
1838632,1,1977,1,1
1267217,1,2004,1,1
664648,1,1986,1,1
1431371,1,1979,2,1
1018136,1,1965,1,1
233595,1,1946,1,1
674785,1,1974,2,1
377052,1,2010,2,1
1073819,1,1998,2,1
1940566,1,1978,2,1
962223,1,1993,2,1
1422627,1,1974,2,1
229101,1,1935,2,1
1270357,1,1990,1,1
552586,1,1981,1,1
1081661,1,1955,1,1
221671,1,1964,1,1
496769,1,2010,2,1
1559128,1,1990,2,1
896282,1,1980,2,1
925916,1,1942,2,1
1252093,1,2003,2,1
1050646,3,0000,0,0
1362091,1,1935,1,1
953952,1,1985,1,1
921390,1,1987,1,1
540633,1,2010,1,1
337638,1,1983,1,1
274881,3,0000,0,0
1283000,1,1950,2,1
390539,1,1968,1,1
1073563,1,2005,1,1
588881,1,2004,2,1
171989,1,1964,2,1
1766200,1,2002,2,1
1617313,1,2005,2,1
1220085,1,1960,1,1
1283010,1,1955,2,1
1067057,1,2004,2,1
951501,1,1996,1,1
800542,1,1998,1,1
682180,1,1935,1,1
635982,1,1968,1,1
1606136,1,2010,1,1
1918191,1,1970,1,1
564261,1,1961,1,1
665784,1,1969,1,1
1934579,1,1971,1,1
1717299,1,1994,1,1
29682,1,1996,1,1
258380,1,1996,1,1
1672211,1,1956,2,1
1141897,1,1990,1,1
1617994,1,1981,1,1
1474673,1,1957,1,1
762578,1,1973,1,1
1190363,1,1968,2,1
1647136,1,2010,1,1
823556,1,1974,1,1
1906663,1,1935,1,1
1118512,1,1965,2,1
285850,1,2005,1,1
1289227,1,1974,2,1
1796281,1,1957,1,1
1012390,1,1963,1,1
1669614,1,1940,1,1
63415,1,1963,2,1
39495,1,1987,1,1
1317172,1,2010,2,1
720861,1,1973,1,1
608584,1,2002,2,1
1571017,1,1993,1,1
1597931,1,1983,2,1
1630968,1,1983,1,1
811394,1,1985,2,1
346890,1,1953,1,1
1089396,1,1952,1,1
918586,1,1971,2,1
4073,1,1944,2,1
389694,1,2010,1,1
899549,1,1936,2,1
1249447,1,1944,1,1
1541720,1,1956,1,1
60732,1,1949,1,1
1146065,1,1998,2,1
1690571,1,1997,1,1
1447965,1,1963,1,1
172561,1,1990,2,1
1246408,1,2008,2,1
515998,1,1962,1,1
438447,1,1989,2,1
1742743,1,1950,1,1
1262338,1,1992,2,1
1303201,1,1986,2,1
1568481,1,1963,1,1
961957,1,1975,2,1
1558938,1,1960,1,1
186139,3,0000,0,0
853030,1,1986,2,1
469858,1,1996,2,1
1484582,1,1973,1,1
638502,1,1965,2,1
236866,1,1995,1,1
1836355,1,1963,1,1
732362,1,1961,1,1
335863,1,1963,1,1
1894443,3,0000,0,0
1753609,1,1951,2,1
869708,1,1946,1,1
1540930,1,1975,1,1
810027,1,1935,2,1
1822140,1,1972,1,1
458107,1,1985,1,1
1310402,1,1989,1,1
504767,1,1988,1,1
995706,1,1935,1,1
510029,1,1986,2,1
698342,1,1980,2,1
409142,1,1963,1,1
1696335,1,1937,2,1
251708,1,1950,1,1
1519376,3,0000,0,0
1605275,1,1983,1,1
1380412,1,1963,1,1
1414339,1,1961,2,1
605511,1,2010,1,1
1703795,1,1948,1,1
227368,1,1982,2,1
454515,1,1952,1,1
1371434,1,2001,1,1
1602318,1,1984,1,1
483268,1,1966,2,1
927906,1,2009,2,1
1093192,1,2005,2,1
1673557,1,1990,2,1
1877773,1,1946,1,1
50245,1,1994,2,1
500343,1,1981,2,1
1810388,1,1950,2,1
1188470,1,1968,2,1
623239,1,1938,1,1
1445246,1,1986,2,1
1414198,1,1970,2,1
12451,1,1967,1,1
940014,1,1993,1,1
989382,1,1971,1,1
811736,1,1965,2,1
1073159,1,1968,2,1
1194783,1,1961,1,1
1696558,1,1988,2,1
40474,1,1992,2,1
406775,1,1996,2,1
1086748,1,1983,1,1
88051,1,2002,2,1
158940,1,1939,1,1
1232412,1,1963,1,1
1555196,1,1981,2,1
525472,1,2009,2,1
475286,1,1983,2,1
91979,1,1958,2,1
173444,1,1971,2,1
999042,1,2010,1,1
1267906,1,1989,2,1
910862,1,1962,2,1
1536518,1,2010,2,1
527886,1,2002,1,1
1586900,1,1968,1,1
1765041,1,1941,2,1
537952,1,2010,1,1
1714359,1,1978,1,1
1401471,1,1973,2,1
390848,1,1956,2,1
759,1,1979,2,1
976784,1,1980,2,1
291855,1,2010,1,1
707359,1,1991,1,1
1947865,1,1981,2,1
442848,1,1957,1,1
652101,1,1994,1,1
190128,1,1987,1,1
879694,3,0000,0,0
1812300,1,2010,1,1
1178517,1,2000,2,1
1035876,1,1972,1,1
812420,1,2004,1,1
1918153,1,1979,2,1
37268,1,1960,1,1
1045159,1,1973,2,1
1629289,1,1957,2,1
1934820,1,1966,1,1
409295,1,1942,1,1
1015971,1,1980,1,1
1670568,1,2005,1,1
93099,1,1959,2,1
1397415,1,1962,2,1
823485,1,1993,2,1
855313,1,2010,2,1
1326390,1,1982,1,1
1813316,1,2010,2,1
1121470,3,0000,0,0
1040029,1,2003,2,1
679583,1,1988,2,1
911702,1,2010,1,1
1934486,1,2010,1,1
837720,1,1987,1,1
1953167,1,1974,1,1
1079812,1,2010,1,1
952463,1,2010,2,1
1560854,1,1940,1,1
421088,1,1950,1,1
1836044,1,1965,2,1
1904625,1,1980,2,1
1270549,1,2004,2,1
370706,1,1964,1,1
102017,1,1976,2,1
1305129,1,1985,1,1
642464,1,1966,2,1
1928351,1,1971,1,1
1539013,1,2010,2,1
415273,1,2005,2,1
1089655,1,1963,2,1
1914348,1,1950,2,1
1836110,1,2006,1,1
1394573,1,1989,2,1
109505,1,1971,2,1
1561449,1,1949,1,1
897033,1,1953,1,1
786800,1,1965,2,1
1853902,1,1957,1,1
1787749,1,2003,1,1
251671,1,1973,1,1
1669436,1,2002,1,1
932869,1,1973,1,1
1469115,1,1998,1,1
630796,1,1948,1,1
1607380,1,1976,1,1
624179,1,1972,1,1
1693514,1,1970,1,1
121890,1,2010,1,1
1262637,1,2010,2,1
1298325,1,1951,1,1
1288328,1,1994,1,1
438599,1,1963,2,1
836867,1,1967,2,1
650332,1,1995,2,1
1580094,1,1941,2,1
1108216,1,1971,2,1
1295526,1,2003,1,1
1308120,1,1948,1,1
491180,1,1966,1,1
567692,1,1994,1,1
1053350,1,1989,2,1
775151,1,1951,2,1
1831438,3,0000,0,0
207327,1,2000,1,1
1213960,1,1940,2,1
1424660,1,1996,1,1
1053687,1,1956,1,1
1458683,1,2010,1,1
914628,1,1994,1,1
1329344,1,1985,1,1
1370677,1,1971,2,1
55033,1,1971,2,1
512288,1,1976,1,1
551391,1,1990,2,1
214459,1,2005,2,1
1136250,1,1994,1,1
1513149,1,1941,2,1
1774872,1,1965,1,1
476973,1,1962,2,1
435025,1,1942,2,1
1675277,1,1982,2,1
1467817,1,1939,2,1
1680605,1,1943,2,1
1535255,1,2004,1,1
1358419,1,1938,2,1
1144354,1,2004,2,1
1293769,1,1952,2,1
994009,1,1951,2,1
1880338,1,1954,2,1
227220,1,1943,1,1
1597023,1,1945,2,1
448853,1,1959,1,1
111261,1,1976,1,1
1003105,1,1951,2,1
1802854,1,1935,2,1
472461,1,1978,1,1
151760,1,1976,1,1
330077,1,2010,2,1
840299,1,2003,1,1
310401,1,1994,2,1
576485,1,1975,1,1
1192206,1,2010,1,1
1269657,1,2010,2,1
671499,1,2004,2,1
392086,1,2005,1,1
865900,1,1986,2,1
1126824,1,1966,2,1
1408647,1,1951,2,1
1605957,1,1993,1,1
322773,1,1996,1,1
219818,1,1950,1,1
87151,1,1989,1,1
119249,1,1990,1,1
1739400,1,2003,1,1
417247,1,1943,2,1
1696196,1,2010,1,1
1441840,1,2010,1,1
1527586,1,2003,1,1
1048574,1,1995,1,1
1497558,1,1991,2,1
358631,1,1990,1,1
1401709,1,1935,2,1
1415455,1,1953,2,1
1195090,1,1995,2,1
479950,1,2003,2,1
1049521,1,1958,2,1
186763,1,1965,2,1
1704115,3,0000,0,0
1945095,1,1960,1,1
1119367,1,1956,1,1
1116482,1,2005,2,1
245975,1,1993,2,1
994039,1,1954,2,1
1617195,1,1987,2,1
1553727,1,1967,2,1
1430052,1,1993,2,1
1461032,1,1939,2,1
125523,1,2009,2,1
1053150,1,1976,2,1
650228,1,1997,1,1
1499539,1,1969,1,1
1034553,1,1944,2,1
1112856,1,1963,2,1
1603757,3,0000,0,0
1419657,1,1970,1,1
722682,1,2000,2,1
1622944,1,1987,2,1
864324,1,1996,2,1
730858,1,1986,2,1
404883,1,1958,1,1
1867566,1,1998,1,1
1093252,1,1946,2,1
1466752,1,2010,2,1
418352,1,1969,1,1
189323,1,2010,2,1
1700283,1,1975,2,1
852348,1,1969,2,1
1953781,1,1996,2,1
1863732,1,1977,2,1
382537,1,2010,2,1
1503814,1,1995,2,1
509079,1,1986,1,1
1333623,1,2006,1,1
207823,1,2010,1,1
1339823,1,1972,1,1
1041011,1,1982,1,1
1434090,1,1990,1,1
389958,1,1960,2,1
1734207,1,1965,2,1
784097,1,1958,1,1
1792474,1,1989,2,1
1521267,1,1997,1,1
1658001,1,2009,2,1
1436628,1,1990,2,1
1295394,3,0000,0,0
1506226,1,1968,1,1
265665,1,2010,2,1
1246992,1,1989,1,1
47257,1,1946,1,1
1040681,1,1975,1,1
458573,1,2010,1,1
1068552,1,2006,1,1
533876,1,1958,2,1
1227243,1,1964,1,1
1379876,1,1976,1,1
707022,1,1966,1,1
437637,1,1963,2,1
438922,1,1951,1,1
1092202,1,1978,1,1
1546204,1,1961,2,1
952162,1,1987,2,1
1899233,1,1985,1,1
1416521,1,1991,2,1
1394498,1,1996,1,1
1577730,1,1948,1,1
115,1,1948,2,1
758137,1,1991,1,1
1937595,1,2010,2,1
321299,1,1942,1,1
196289,1,1981,1,1
6134,1,1959,2,1
151330,1,1980,1,1
889652,1,1978,2,1
762582,1,2010,2,1
1533253,1,1987,1,1
1350871,1,1954,1,1
195389,1,1976,2,1
690966,1,1990,2,1
495793,1,2010,2,1
641394,1,2008,2,1
67500,1,1969,2,1
77348,1,1946,1,1
1463813,1,2010,2,1
1402355,1,1983,2,1
1765005,1,1994,2,1
421279,1,1964,1,1
1414559,1,1991,2,1
803668,1,2007,1,1
567906,1,2000,2,1
601627,1,2001,1,1
1951646,1,1971,1,1
860000,1,1975,1,1
1343413,1,2010,2,1
327263,1,2010,1,1
47278,1,2004,1,1
1611076,1,1972,2,1
204506,1,1983,2,1
1849196,1,1955,1,1
825680,1,1960,1,1
1036937,1,1972,1,1
1470397,1,2004,1,1
77129,1,1974,2,1
719399,1,2003,2,1
1188634,1,1980,1,1
1728516,1,1962,1,1
1327331,1,1957,2,1
397882,1,2007,2,1
1900553,1,1994,1,1
1722324,1,1969,2,1
1291807,1,1987,1,1
314032,1,1968,2,1
1518508,1,1958,1,1
1251820,1,2003,2,1
1435073,1,1956,1,1
1623275,1,1950,2,1
1373644,1,1992,1,1
1109209,1,2007,1,1
1363546,1,1978,1,1
164497,1,1947,2,1
1697520,1,1967,2,1
1049059,1,2006,2,1
603492,1,1966,2,1
833392,1,1995,2,1
1945090,1,1955,2,1
76490,1,1995,1,1
627475,1,1999,2,1
1894535,1,1996,2,1
1498450,1,1995,1,1
1256779,1,1970,1,1
605612,1,1947,1,1
1700474,1,1949,2,1
756934,1,1943,1,1
658302,1,1947,2,1
1829959,1,1986,2,1
1557007,1,1974,2,1
1698466,1,2002,2,1
1835007,1,1950,2,1
1885094,1,2005,1,1
789857,1,2010,2,1
1190984,1,1997,1,1
1358796,1,1945,1,1
891867,1,1987,1,1
1143130,1,1973,2,1
1181455,1,1985,1,1
1705817,1,1982,1,1
1140156,1,1994,2,1
624457,1,1982,2,1
357053,1,1941,2,1
866483,1,2010,2,1
1103915,1,1984,2,1
532087,1,1993,2,1
621689,1,2000,1,1
1538333,1,2008,1,1
860177,1,1948,2,1
196429,3,0000,0,0
1564451,1,1985,1,1
1014554,1,2007,1,1
1342621,1,1979,1,1
1584921,1,1989,1,1
1339983,1,1992,2,1
394884,1,1954,1,1
1368861,1,1948,2,1
871728,1,1981,2,1
1619220,1,1944,2,1
148987,1,2010,1,1
123264,1,1952,1,1
754688,1,1996,1,1
678809,1,2009,1,1
1073586,1,1966,1,1
714079,1,1988,2,1
1703584,1,1946,2,1
495490,1,1997,1,1
234580,1,1986,1,1
1663870,1,1938,1,1
667720,1,1962,1,1
821153,1,1975,2,1
529015,1,2006,2,1
968240,1,1957,1,1
1647005,1,2004,2,1
369075,1,1970,2,1
993202,1,1936,2,1
992474,1,1995,2,1
650059,1,1947,2,1
1487764,1,1988,1,1
1347410,1,2010,1,1
1943819,1,1943,1,1
854390,1,1998,1,1
733060,1,2003,2,1
1956130,1,1961,1,1
1605144,1,1989,1,1
24856,1,1939,2,1
139039,1,2010,2,1
1061397,1,1944,1,1
104041,1,1966,2,1
229397,1,1959,1,1
1119901,1,2009,1,1
76126,1,1944,1,1
638144,1,1984,1,1
597575,1,2010,2,1
1281894,1,2010,2,1
819537,1,1977,1,1
1118956,1,1980,1,1
1687302,1,1990,2,1
1352648,1,1977,1,1
209441,1,1971,2,1
1316438,1,1944,1,1
1582795,1,1963,2,1
1927979,1,1989,2,1
1410090,1,1978,2,1
1305994,1,1945,1,1
329263,1,2010,2,1
1032106,1,1941,2,1
1562586,1,1936,1,1
1855267,1,1961,1,1
265744,1,1940,2,1
1163387,1,2010,2,1
1478399,1,1971,1,1
507943,1,1972,2,1
344242,1,2010,2,1
630798,1,1952,1,1
913766,1,1974,1,1
1760271,1,1992,2,1
1067229,1,1996,1,1
154569,1,1950,2,1
759461,1,1981,1,1
5893,1,1937,1,1
330412,1,2010,2,1
689457,1,1952,1,1
1616915,1,1978,1,1
836707,1,2005,1,1
424360,1,1969,1,1
115704,1,1945,2,1
1596246,1,1962,1,1
203260,1,1998,1,1
145443,1,1974,1,1
224786,1,1997,2,1
593984,1,2007,2,1
1471361,1,1980,1,1
1134077,1,1943,1,1
1454834,1,1986,1,1
1867173,1,2010,1,1
1140818,1,1966,2,1
956427,1,1987,2,1
1441521,1,2001,1,1
1293171,1,1968,2,1
207824,1,1963,2,1
520646,1,1952,1,1
865392,1,2009,1,1
1736426,1,1988,1,1
1555006,1,2010,1,1
875920,1,1952,1,1
1055538,1,1997,1,1
207165,1,1949,1,1
706739,1,1982,2,1
1704483,1,1968,2,1
1359227,1,2010,2,1
598267,1,2006,2,1
461514,1,1967,2,1
47255,1,2007,2,1
348105,1,1981,1,1
1686544,1,1956,1,1
289246,1,1958,1,1
99551,1,1988,1,1
775871,1,1967,2,1
210857,1,2009,1,1
26214,1,1977,2,1
561015,1,1976,1,1
840579,1,1985,2,1
353743,1,1944,2,1
554982,1,2004,1,1
453401,1,2009,1,1
728770,1,1951,1,1
316606,1,2010,2,1
669924,1,1957,1,1
1953674,1,1972,2,1
1078494,1,1950,1,1
1762424,1,1938,2,1
1070736,1,2010,1,1
1620665,1,2010,2,1
1678425,1,2010,1,1
1041843,1,1961,2,1
78526,1,2004,2,1
1257894,1,1966,2,1
1170377,1,1970,1,1
433554,1,1962,1,1
1338488,1,2010,2,1
1189713,1,1940,2,1
1830567,1,1978,2,1
1328669,1,1969,2,1
1103380,1,1987,1,1
1353091,1,1953,1,1
1055549,1,2001,2,1
217316,1,2010,2,1
1926516,1,2010,2,1
836097,1,1985,2,1
1639440,1,2002,2,1
1311510,3,0000,0,0
1525060,1,1983,2,1
1684975,1,1947,2,1
808699,1,2009,1,1
988419,1,2010,2,1
823622,1,1999,2,1
483072,1,2006,2,1
794020,1,1970,1,1
1850725,1,1968,1,1
1269321,1,1954,1,1
367216,1,2004,1,1
1164761,1,1959,2,1
1285441,1,1991,1,1
709679,1,2010,2,1
1235249,1,1990,2,1
1745073,1,1963,1,1
1188954,1,1990,1,1
1770130,1,1943,2,1
905781,1,2010,2,1
296337,1,1977,1,1
1303506,1,1990,1,1
700569,1,2010,1,1
1568528,1,1984,2,1
908644,1,1954,1,1
620024,1,2004,1,1
286295,1,2010,1,1
288674,1,1981,2,1
1245107,3,0000,0,0
1504697,1,1971,1,1
1957335,1,1936,1,1
1787122,1,1940,2,1
1065715,1,1983,2,1
1738176,1,2010,1,1
1319554,1,1986,2,1
947740,1,1954,1,1
1818775,1,1961,2,1
1903378,1,1980,1,1
1281456,1,1998,2,1
239028,1,2000,1,1
777556,1,1961,1,1
177425,1,1959,1,1
1635722,1,2005,2,1
1241878,1,1983,2,1
1763234,1,1957,2,1
1665184,1,1986,2,1
517527,1,1952,2,1
974970,1,1990,1,1
753484,1,1993,1,1
967792,1,1976,2,1
13956,1,2010,2,1
613267,1,1975,1,1
522560,1,1990,1,1
716121,1,2006,2,1
52862,1,1980,1,1
507653,1,1944,2,1
1042171,1,1957,1,1
814897,1,1995,2,1
447850,1,1991,1,1
1461661,1,2010,1,1
1094451,1,1963,1,1
1427424,1,2010,1,1
96040,1,1993,2,1
415441,1,1976,1,1
633513,1,1990,2,1
243765,1,1979,2,1
9084,1,2010,2,1
1597545,1,2006,2,1
1925423,1,1960,2,1
166116,1,1981,2,1
688030,1,1967,2,1
694562,1,1998,1,1
978128,1,1986,2,1
432956,1,2008,1,1
1606089,1,1988,1,1
1328230,1,1993,1,1
1009508,1,1977,1,1
1735400,1,1981,2,1
935534,1,2010,1,1
1684196,1,1996,1,1
578402,1,1987,1,1
1783785,1,2003,2,1
956723,1,2010,2,1
1330010,1,1974,1,1
1908907,1,1985,2,1
477136,1,1990,2,1
1431954,1,1984,1,1
649130,1,1950,1,1
1204397,1,1992,2,1
1294388,1,1972,2,1
774146,1,1945,2,1
1691822,1,1949,1,1
875022,1,2010,2,1
154829,1,1993,1,1
198790,1,1968,2,1
463386,1,1975,1,1
1327743,1,1989,2,1
1011616,1,2010,1,1
1493251,1,1979,2,1
548990,1,1951,2,1
944517,1,2006,1,1
1286966,1,1935,2,1
267084,1,2010,1,1
275972,1,2010,2,1
1211513,1,1960,2,1
1572368,1,1970,1,1
185188,1,1997,1,1
249946,1,1991,2,1
782701,1,1999,1,1
1391838,1,1994,1,1
1460240,1,1983,1,1
1199700,1,1965,1,1
1120205,3,0000,0,0
916496,1,1946,2,1
1035505,1,2010,1,1
1030246,1,1959,2,1
1621877,1,1984,1,1
1815354,1,1978,2,1
288027,1,1974,1,1
623745,1,1979,1,1
862332,1,2010,2,1
898201,1,1998,1,1
564862,1,1935,2,1
1360510,1,2005,2,1
1242377,1,1989,2,1
1420006,1,1941,1,1
1709266,1,1935,2,1
1227477,1,1991,2,1
1372407,1,1988,2,1
524119,1,1995,1,1
474231,1,1974,1,1
948691,1,1955,2,1
524392,1,2002,1,1
1224851,1,1974,1,1
93540,1,1988,1,1
208602,1,1991,1,1
199402,1,1992,2,1
1269669,1,1947,1,1
1254268,1,1955,2,1
1817127,1,1952,1,1
1706664,1,1935,2,1
749884,1,1986,1,1
935331,1,1956,1,1
39223,1,1988,2,1
1141687,1,1999,1,1
1358844,1,1974,2,1
833637,1,1943,2,1
584373,1,2010,2,1
624206,1,2010,1,1
411261,1,1965,1,1
731005,1,1947,1,1
971310,1,1984,2,1
1739852,1,1960,2,1
490766,1,1977,1,1
1777062,1,1978,2,1
269136,1,1989,2,1
1685742,1,1957,2,1
624927,1,1947,1,1
1578450,1,1991,2,1
1369946,1,2008,1,1
1294879,1,1975,2,1
1421565,1,1998,1,1
921716,1,1984,2,1
548398,1,2010,2,1
15488,1,2010,2,1
1955311,1,2007,1,1
1479827,1,1981,1,1
551379,1,1940,1,1
287433,1,1950,2,1
405129,1,1998,1,1
23760,1,1948,2,1
1354646,1,2006,2,1
553827,1,1992,1,1
615090,1,1990,2,1
405790,1,2010,2,1
1718381,1,1960,1,1
1102752,1,1997,2,1
781737,1,1948,2,1
1269519,1,1955,2,1
985574,1,1992,2,1
1284219,1,2010,2,1
1771090,1,1940,2,1
553442,1,1999,1,1
902860,1,1999,2,1
544269,1,2010,2,1
400214,1,2010,1,1
610451,1,2009,1,1
816158,1,1989,1,1
868921,1,1978,1,1
131636,1,1953,1,1
548223,1,1960,1,1
227741,1,1981,1,1
1409422,1,1952,2,1
106601,1,2008,2,1
1520459,1,1938,2,1
1711705,1,1938,1,1
596852,1,1951,1,1
1906768,1,1984,1,1
1591088,1,2007,2,1
1265578,1,1958,1,1
471521,1,2003,1,1
14934,1,2005,1,1
673751,1,1953,1,1
1404888,1,2004,2,1
768603,1,1974,1,1
220281,1,1982,1,1
1121054,1,1944,2,1
619467,1,2010,2,1
209485,1,1935,2,1
1304606,1,1951,2,1
1086927,1,1969,1,1
715998,1,1995,1,1
1587649,1,1943,2,1
412617,1,1973,2,1
1103520,1,1946,2,1
947414,1,1987,1,1
62915,3,0000,0,0
1731639,1,1967,2,1
1489293,1,1949,2,1
1493214,1,1982,1,1
1346722,1,2006,1,1
605423,1,1939,1,1
1740225,1,1975,2,1
766966,1,1952,1,1
920962,1,1995,1,1
640682,1,2010,2,1
1439292,1,1998,2,1
1136436,1,2009,2,1
746300,1,1954,2,1
1701082,1,1994,2,1
651538,1,2007,2,1
394842,1,1994,2,1
1716230,1,2001,1,1
689918,1,1961,2,1
1156600,1,2010,1,1
1093688,1,1963,2,1
1109752,1,1943,2,1
1226438,1,1987,2,1
44821,1,1949,2,1
1933794,1,1957,1,1
1472733,1,1954,1,1
1594160,1,2002,1,1
1778834,1,1979,2,1
559043,1,1956,1,1
476328,1,1997,1,1
1155460,1,1971,2,1
757517,1,1956,1,1
1448919,1,1955,1,1
1115695,1,1994,1,1
620455,1,1954,2,1
1013245,1,1996,1,1
163670,1,1945,2,1
1681332,1,1991,2,1
1477221,1,2002,2,1
1266728,1,1989,2,1
1187906,1,1984,2,1
1298430,1,1996,1,1
367343,1,1992,1,1
29973,1,1993,1,1
1693150,1,1964,2,1
699001,1,1994,2,1
713222,1,1973,1,1
670208,1,1987,1,1
1173475,1,2010,1,1
1676972,1,1942,2,1
426297,1,2010,1,1
797190,1,1985,2,1
1394806,1,2010,2,1
174759,1,1954,2,1
1345789,1,1963,1,1
1904134,1,1943,1,1
502590,1,1984,1,1
1898719,1,1975,1,1
1261717,1,1997,1,1
200524,1,1977,1,1
1161710,1,1976,2,1
1167962,1,1935,1,1
412931,1,1945,1,1
313371,1,2010,1,1
1127738,1,1935,1,1
1180755,1,2010,1,1
210210,1,2010,1,1
1740813,1,1980,1,1
1050930,1,1953,2,1
572984,1,1985,1,1
633471,1,1950,2,1
1137513,1,1998,1,1
250695,1,2010,1,1
593355,1,1974,2,1
1480935,1,2004,1,1
1958342,1,1999,2,1
1068679,1,1994,1,1
1934476,1,1964,1,1
1595955,1,1946,2,1
900445,1,2000,2,1
945282,1,1993,1,1
884637,1,1962,1,1
246015,1,1937,2,1
601308,1,2002,1,1
1343421,1,1935,2,1
830092,1,1988,2,1
353629,1,1978,1,1
1649872,1,1993,2,1
1882304,1,2009,1,1
1952155,1,1941,2,1
187152,1,1972,1,1
193531,1,1964,2,1
1382474,1,1958,2,1
1293714,1,2010,2,1
126729,1,1967,2,1
1469724,1,2001,2,1
1637331,1,2010,2,1
1848772,1,1967,2,1
1737695,1,2009,2,1
732624,1,1967,2,1
1060442,1,1953,2,1
1957232,1,1991,2,1
1193840,1,2005,2,1
1694799,1,1974,1,1
927122,1,1998,2,1
340216,1,2010,2,1
1892271,1,1958,2,1
1066081,1,1965,2,1
1801613,1,1997,1,1
442310,1,1997,1,1
854710,1,2010,1,1
1432370,1,1958,2,1
1800055,1,2002,1,1
260797,1,1965,1,1
566392,1,1967,2,1
1029472,1,2002,1,1
1458490,1,2001,2,1
1889843,1,1984,2,1
344124,1,2010,2,1
27166,1,1987,2,1
1461397,1,2001,1,1
1403289,1,2001,1,1
920493,1,1966,1,1
430966,1,1972,2,1
537295,1,2007,1,1
580265,1,2009,1,1
892764,1,2010,2,1
1589960,1,1959,2,1
887817,3,0000,0,0
1752274,1,2009,2,1
145336,1,2005,2,1
1606164,1,1983,1,1
312504,1,1953,1,1
541010,1,2005,1,1
717753,1,1987,1,1
1142073,1,1966,1,1
1408957,1,1996,1,1
1549294,1,1961,1,1
1041905,1,1954,2,1
467020,1,1958,2,1
606857,1,1960,1,1
1001439,1,1999,2,1
1205260,1,1970,2,1
1763347,1,1941,1,1
526315,1,1979,2,1
1747135,1,1935,1,1
1464302,1,1935,1,1
829950,1,1989,2,1
1271465,1,1935,1,1
784621,1,1994,2,1
1562979,1,1935,1,1
708878,1,2010,2,1
1692745,1,1976,1,1
823631,1,2003,2,1
1745625,1,1955,1,1
1345158,1,1950,2,1
588871,1,1972,2,1
446283,1,1979,2,1
1199512,1,1948,1,1
67310,1,1953,1,1
1319119,1,1983,1,1
1801724,1,1998,2,1
1452590,1,1993,1,1
1163439,1,1969,1,1
804251,1,1975,1,1
1049286,1,1994,2,1
439851,1,1985,2,1
785047,1,2010,1,1
374277,1,1988,2,1
305599,1,1972,2,1
1862457,1,1985,2,1
846811,1,1967,1,1
1876788,1,1993,1,1
267206,1,2004,1,1
541728,1,1973,2,1
520117,1,1942,1,1
1297193,1,1995,2,1
467324,1,1943,1,1
260587,1,1951,2,1
138764,1,1989,1,1
618684,1,1991,2,1
1493434,1,1979,2,1
559215,1,1984,1,1
1881764,3,0000,0,0
470140,1,2010,2,1
352966,1,1979,1,1
311257,1,1979,2,1
1723808,1,2010,1,1
662818,1,2010,2,1
1440940,1,1991,1,1
1445654,1,1970,1,1
105484,1,1965,1,1
666119,1,2010,1,1
1720727,1,1987,2,1
517653,1,1993,1,1
1613691,1,1952,2,1
343955,1,2002,1,1
770768,1,1984,2,1
780051,1,1963,1,1
807900,1,1943,1,1
396082,1,1979,1,1
613330,1,1956,1,1
287910,1,1971,1,1
1504886,1,1977,2,1
1772580,1,1988,1,1
259487,1,2010,1,1
1900785,1,1973,1,1
172773,1,2010,1,1
710849,1,1964,2,1
258490,1,1938,2,1
1548456,1,1949,2,1
1562202,3,0000,0,0
432880,1,2010,1,1
1250258,1,1960,1,1
869380,1,1974,2,1
781255,1,1990,2,1
1455055,1,1995,1,1
1203335,1,2010,2,1
1731560,1,1976,2,1
1068489,1,1974,1,1
1954096,1,1957,2,1
607675,1,1995,2,1
1478167,1,1980,2,1
1927150,1,1969,2,1
498739,1,2010,2,1
1162877,1,2010,2,1
1261831,1,2007,2,1
366469,1,1995,2,1
233985,1,2010,1,1
230173,1,2000,1,1
1247062,1,1996,1,1
1434663,1,1995,2,1
758507,1,1976,2,1
1502234,1,1983,2,1
1672825,1,1977,1,1
477392,1,1961,1,1
1851684,1,1957,2,1
568403,1,1953,1,1
1809498,1,2005,1,1
313457,1,2010,1,1
959471,1,1963,1,1
7350,1,1978,1,1
1331902,1,1966,1,1
688409,1,1944,2,1
1746680,1,1990,1,1
601291,1,1961,2,1
1618188,1,1957,2,1
44346,1,1940,2,1
623063,1,1993,1,1
1520245,1,1964,1,1
1481429,1,1975,1,1
843404,1,1966,1,1
1752364,1,1967,1,1
1875926,1,2008,1,1
102449,1,1961,2,1
493693,1,1970,1,1
355545,1,1946,2,1
1837997,1,1995,1,1
718438,1,1943,1,1
1010241,1,1987,1,1
676314,1,1978,1,1
1781315,1,1976,1,1
1828760,1,2001,1,1
908157,1,2005,2,1
925571,1,1964,1,1
203639,1,1960,2,1
1258192,1,1961,1,1
201306,1,1958,2,1
1020904,1,1986,2,1
157231,1,1996,1,1
1883369,3,0000,0,0
1696181,1,1992,1,1
703246,1,1969,2,1
1957691,3,0000,0,0
1176457,1,1993,1,1
759277,1,1966,2,1
429787,1,1993,2,1
214728,1,1962,1,1
1221751,1,1963,2,1
1115892,1,2003,1,1
838580,1,2002,1,1
666126,1,1964,2,1
1578829,1,1987,2,1
1638708,1,1982,2,1
252540,1,1993,2,1
1007712,1,1989,2,1
1363676,1,1996,2,1
474141,1,1993,1,1
1477584,1,1982,2,1
1393724,1,2010,1,1
1521625,1,1981,1,1
1178747,1,1936,1,1
663612,1,2010,1,1
305660,1,1978,2,1
611915,1,1963,1,1
1956649,1,1969,1,1
926718,1,2001,2,1
353917,1,1961,1,1
1530340,1,1977,2,1
608318,1,2007,1,1
348295,1,1962,1,1
1384970,1,1950,1,1
1729030,1,1956,1,1
1641032,1,1982,1,1
686550,1,1963,1,1
378831,1,1968,1,1
453756,1,1984,1,1
1881966,1,1996,2,1
1000542,1,2010,1,1
828722,1,1975,2,1
596037,1,1994,1,1
1837952,1,2010,2,1
259177,1,1962,2,1
932017,1,1999,2,1
745974,1,1944,2,1
701802,1,1984,2,1
125611,1,1969,1,1
470794,1,1975,2,1
811529,1,1972,1,1
406654,1,1974,1,1
1483450,1,2010,1,1
471216,1,1966,2,1
1307036,1,1952,2,1
1886096,1,1980,2,1
1602098,1,1995,2,1
1668957,1,1994,2,1
1004361,1,1998,1,1
1297182,1,1945,2,1
1392544,1,1943,2,1
184895,1,1990,2,1
673786,1,2010,2,1
383656,1,2010,1,1
1134698,1,1977,1,1
1858319,1,2005,1,1
855932,1,1982,1,1
190362,1,1980,1,1
632172,1,1999,2,1
1344564,1,2010,1,1
198801,1,1958,1,1
438370,1,1996,1,1
1563012,1,1970,1,1
1089470,3,0000,0,0
718796,1,2004,1,1
1223745,1,1949,2,1
210742,1,2003,1,1
1650845,1,1967,1,1
1036244,1,1982,1,1
16168,1,2010,1,1
392758,1,1976,2,1
175836,1,1982,2,1
63632,1,1988,1,1
554793,1,1987,2,1
1623335,1,1953,1,1
52473,1,1935,1,1
26426,1,1956,2,1
878272,1,1977,1,1
600443,1,2005,2,1
868230,1,1979,1,1
390412,1,1991,1,1
219329,1,1998,1,1
1716649,1,1990,1,1
109091,1,1973,2,1
1359997,1,1971,1,1
266154,1,2009,2,1
1331953,1,1966,2,1
120422,1,1972,2,1
435860,1,1986,1,1
1276067,1,1950,2,1
1616946,1,1978,2,1
422807,1,1955,1,1
1459193,1,1964,2,1
1762841,1,1958,2,1
1447625,1,1971,2,1
1772783,1,2002,2,1
1316919,1,2007,1,1
195834,1,1944,2,1
338292,1,1946,2,1
1477798,1,1973,1,1
465894,1,1936,2,1
127841,1,1999,2,1
145781,1,1971,2,1
448430,1,1942,2,1
1274897,1,1963,1,1
977367,1,1959,2,1
491178,1,1935,2,1
1040726,1,2007,1,1
534531,1,1982,2,1
973149,1,2001,2,1
794927,1,1964,2,1
44223,1,2005,1,1
606936,1,1981,2,1
405027,1,1975,1,1
327635,1,2009,2,1
1948775,1,1953,1,1
1770342,3,0000,0,0
1333725,1,1941,1,1
802431,1,1954,1,1
802382,1,1955,1,1
608167,1,1965,1,1
1842094,1,1935,1,1
1366284,1,1975,1,1
194430,1,1994,1,1
353500,1,1949,2,1
1732434,1,1991,2,1
247344,1,2010,2,1
994034,1,1977,2,1
1717058,1,1967,1,1
1736740,1,1979,2,1
1869785,1,1942,2,1
1718162,1,2010,2,1
866259,1,1941,1,1
184339,1,1958,1,1
312152,1,1936,1,1
1151097,1,1954,2,1
597492,1,1940,1,1
211281,1,1967,1,1
40877,1,1955,2,1
1321036,1,1993,2,1
1482209,1,1987,1,1
1067787,1,1957,1,1
1720196,1,2000,2,1
1403329,1,2010,2,1
1719940,1,2004,1,1
196856,1,1974,2,1
1131913,1,2001,1,1
714124,1,1972,2,1
131772,1,1986,1,1
1524067,1,1949,2,1
33722,1,2001,1,1
514310,1,2004,2,1
52515,1,1972,1,1
1002036,1,1966,1,1
1935380,1,2001,1,1
279645,1,1940,1,1
706728,1,1997,1,1
1265378,1,1977,1,1
1056282,1,1978,2,1
294431,1,1970,2,1
177376,1,1984,2,1
1535076,3,0000,0,0
1214537,1,2005,1,1
1005863,1,1969,2,1
1877469,1,1960,2,1
510433,1,1998,2,1
613346,1,1949,2,1
1144322,1,1966,2,1
1494910,1,1972,1,1
34326,1,2008,1,1
553820,1,1944,2,1
986475,1,2003,1,1
1657066,1,1970,1,1
1921096,1,1982,2,1
819637,1,1961,2,1
399751,1,1960,2,1
1910732,1,1962,2,1
1484769,1,1994,1,1
1092579,1,1955,2,1
738225,1,2002,1,1
954224,1,1940,2,1
296870,1,1962,2,1
1545419,1,1978,2,1
1659916,1,1963,2,1
1319294,1,1953,1,1
1474481,1,1988,2,1
53824,1,1978,1,1
604638,1,1979,2,1
701345,1,1956,2,1
675074,1,1987,1,1
443249,1,1990,1,1
1736519,1,2000,2,1
866657,1,1979,1,1
1876432,1,1985,1,1
1422027,1,1996,1,1
976127,1,2010,1,1
1827746,1,1990,2,1
298437,1,1961,1,1
12431,1,1998,1,1
391393,1,1982,1,1
1117076,1,1977,1,1
888469,1,1992,1,1
707519,1,1981,1,1
840908,1,2007,2,1
459833,1,1947,2,1
499406,1,1962,1,1
208799,1,2003,1,1
109617,1,2008,2,1
1111536,1,1966,2,1
413495,1,1978,2,1
167820,1,1981,1,1
953138,1,1977,2,1
862678,1,1935,1,1
1856675,1,1954,1,1
131804,1,1994,2,1
1611248,1,1935,1,1
1606865,1,1977,1,1
1737311,1,1940,1,1
1750221,1,2008,1,1
37353,1,2010,2,1
119260,1,1959,1,1
1389888,1,2010,1,1
937856,1,1954,2,1
1884940,1,1988,1,1
1927366,1,1997,2,1
1612134,1,1985,1,1
397526,1,2010,1,1
1456696,1,2002,1,1
1013572,1,1938,1,1
1453866,1,1947,2,1
934212,1,1968,1,1
1747743,1,1937,2,1
414631,1,1988,1,1
1062621,1,1998,2,1
1122462,1,1986,2,1
1801383,1,1957,1,1
158140,1,1997,2,1
630421,1,1937,1,1
1486400,1,1990,2,1
1873334,1,1999,1,1
1874364,1,2005,2,1
732291,1,1973,1,1
510756,1,1955,1,1
1318630,1,2010,1,1
1938754,1,1974,1,1
1864374,1,1947,1,1
83650,1,2004,2,1
1313973,1,1959,1,1
427311,1,2010,1,1
840133,1,1953,2,1
405479,1,1986,2,1
62250,1,1941,2,1
180761,1,1958,2,1
323135,1,1965,1,1
327201,1,2002,1,1
816460,1,1950,2,1
1360279,1,1972,1,1
1081132,1,2000,1,1
1201137,1,1966,2,1
1488657,1,2000,1,1
1302298,1,1993,2,1
1472505,3,0000,0,0
996899,1,1939,2,1
1782899,1,1961,2,1
286157,1,2008,1,1
1542645,1,2008,2,1
658377,1,1978,2,1
1475904,1,2007,1,1
974377,1,1963,1,1
650144,1,1995,1,1
707072,1,1957,2,1
929540,1,1980,2,1
1906705,1,1943,1,1
685742,1,2010,1,1
1310380,1,1977,2,1
1537466,1,1996,2,1
1349586,1,1939,1,1
1242034,1,1956,2,1
466493,1,1966,1,1
591096,1,1978,1,1
940087,1,2010,1,1
1328959,1,2010,1,1
1544474,1,1949,2,1
680143,1,1993,2,1
1348472,1,1968,1,1
1247295,1,1995,1,1
552365,1,1987,1,1
850966,1,2010,1,1
695419,1,1982,2,1
75195,1,1993,1,1
1532942,1,1946,1,1
470814,1,2009,1,1
842996,1,1967,2,1
777747,1,2010,2,1
8630,1,1963,1,1
657857,1,1988,1,1
698851,1,1962,1,1
178025,1,1938,2,1
1199441,1,2007,2,1
708072,1,1972,1,1
1005270,1,1999,1,1
439900,1,1991,2,1
1781809,1,1975,2,1
1095463,1,1964,2,1
1866233,1,1998,2,1
444855,1,1959,2,1
1876367,1,2010,2,1
999736,1,1954,2,1
19905,1,1948,2,1
607919,1,1988,2,1
363742,1,1960,1,1
1446222,1,1957,1,1
217117,1,2010,1,1
1647541,1,1982,1,1
1946964,1,1972,1,1
1315916,1,1971,1,1
1701693,1,1983,2,1
1397249,1,2010,2,1
592147,1,1996,1,1
887914,1,1992,2,1
743233,1,1993,2,1
1448045,1,1989,1,1
1386567,1,1941,1,1
208877,1,1964,2,1
71763,1,1983,1,1
27752,1,1957,2,1
1730262,1,2010,1,1
1027683,1,1964,2,1
1278784,1,1998,1,1
1853168,1,2008,1,1
517932,1,1996,2,1
1922141,1,1981,2,1
468131,1,2008,1,1
348266,1,1945,1,1
23089,1,1970,2,1
75641,1,2004,1,1
1429405,1,1945,1,1
1362008,1,1972,2,1
1673083,1,2008,1,1
89961,1,1974,1,1
1454121,1,1970,2,1
1522813,1,1997,1,1
421054,1,2010,1,1
1253935,1,1940,2,1
648123,1,1972,1,1
1936926,1,1965,2,1
835543,1,1991,1,1
1831328,1,1957,2,1
155455,1,1961,1,1
1328183,1,1947,2,1
1254061,1,2000,1,1
909425,1,1968,1,1
136603,1,1938,1,1
567952,1,1957,2,1
1548190,1,1935,1,1
721099,1,1999,2,1
1646822,1,1986,1,1
3263,1,1992,2,1
990397,1,1983,1,1
292042,1,1984,1,1
1492151,1,1955,1,1
1832124,1,1994,2,1
930185,1,1975,2,1
1679980,1,1958,1,1
891422,1,1965,1,1
782878,1,1975,1,1
1646695,1,2008,2,1
1195190,1,1960,2,1
857175,1,1989,1,1
986374,1,2000,2,1
461632,1,1939,2,1
887430,1,1962,2,1
744348,1,1964,1,1
254675,1,2000,1,1
782836,1,1958,2,1
184337,1,1960,2,1
1710045,3,0000,0,0
1549639,1,1962,1,1
1083076,1,1952,2,1
501493,1,1965,1,1
767193,1,2003,1,1
647515,1,1984,1,1
452203,1,1962,1,1
655510,1,1971,2,1
1056545,1,1957,2,1
1240913,1,1942,2,1
1002566,1,1979,2,1
1848591,1,1976,2,1
897930,1,2010,1,1
5314,1,1993,2,1
176887,1,1962,2,1
1759397,1,1998,2,1
260320,1,1935,1,1
75495,1,1942,2,1
1377976,1,1972,2,1
1197514,1,1960,2,1
1779258,1,1972,1,1
1044493,1,2008,1,1
1790627,1,1982,1,1
1478306,1,1960,2,1
1185931,1,1947,2,1
1893672,1,1983,1,1
189167,1,1985,2,1
1197139,1,1958,2,1
738297,1,1996,2,1
498225,1,1969,1,1
1204091,1,1984,1,1
681244,1,1970,2,1
351945,1,1979,2,1
1059751,1,1968,2,1
310960,1,2002,2,1
1092071,3,0000,0,0
781388,1,1940,1,1
1102696,1,1970,2,1
965420,1,1969,1,1
61036,1,1992,2,1
564223,1,2001,2,1
1719121,1,2010,1,1
712782,1,1974,2,1
1928814,1,2009,1,1
1472148,1,2008,2,1
68264,1,1957,2,1
1914068,1,1995,2,1
356881,1,2010,2,1
171700,1,1947,1,1
44160,1,1949,1,1
1026441,1,1993,2,1
432098,1,1996,2,1
1327729,1,1953,2,1
1328172,1,2008,1,1
1663179,1,1973,2,1
1494041,1,1973,1,1
223175,1,1950,1,1
109431,1,1992,2,1
1867774,1,1985,2,1
1419262,1,1983,1,1
425732,1,1953,2,1
1779742,1,2001,1,1
679753,1,1973,1,1
1246752,1,2007,2,1
1796678,1,1970,1,1
1167883,1,1965,2,1
279485,1,1955,1,1
1383205,1,2010,1,1
1044997,1,1963,1,1
1869520,1,1966,2,1
1144584,1,1958,2,1
315019,1,1958,1,1
1508582,1,1984,2,1
1836832,1,1972,2,1
771566,1,1962,1,1
89853,1,2010,2,1
1320734,1,1976,1,1
955316,1,1999,1,1
1200545,1,1965,2,1
1461779,1,2008,2,1
778693,1,1964,1,1
78045,1,2007,1,1
249932,1,1939,2,1
1294114,1,1956,2,1
1705689,1,1999,1,1
804146,1,1969,1,1
189141,1,1984,1,1
1569844,1,1955,2,1
1611369,1,1960,1,1
1771528,1,2000,1,1
1193489,1,1964,2,1
751553,1,2007,1,1
1445086,1,1988,1,1
1049432,1,1977,2,1
1894875,3,0000,0,0
1359195,1,2001,1,1
323809,1,2005,1,1
1209826,1,1951,2,1
757147,1,1951,2,1
1444494,1,1997,2,1
1384264,1,1967,1,1
645968,1,1985,2,1
1423894,1,1986,2,1
1209047,1,1953,2,1
978066,1,2006,1,1
1523105,1,1978,1,1
1246695,1,1944,2,1
465848,1,1939,1,1
1386060,1,1989,2,1
1351742,1,1994,2,1
1078856,1,1997,2,1
254515,1,1970,2,1
450751,1,2010,1,1
794,1,1985,2,1
907311,1,1977,1,1
1845369,1,1980,1,1
1282779,1,1987,2,1
639414,1,1996,2,1
1433378,1,1995,1,1
207618,1,1969,2,1
1866698,1,2010,2,1
1467575,1,1965,2,1
318554,1,1973,1,1
912988,1,2000,2,1
1105054,1,1969,2,1
90328,1,1986,1,1
661826,1,1985,1,1
516899,1,1996,1,1
26187,1,1994,1,1
46027,1,2005,2,1
303616,1,2002,2,1
586681,1,1967,1,1
662061,1,1984,1,1
773056,1,1961,1,1
639627,1,1956,1,1
1685872,1,1959,1,1
1696611,1,1935,2,1
1713169,1,1968,1,1
1569174,1,1972,2,1
1495899,1,1948,1,1
642762,1,1986,2,1
47028,1,1975,2,1
1357397,1,1997,2,1
